Activity ID,Activity Date,Activity Name,Activity Type,Activity Description,Elapsed Time,Max Heart Rate,Relative Effort,Filename,Moving Time,Distance,Max Speed,Average Speed,Elevation Gain,Elevation Loss,Elevation Low,Elevation High,Max Grade,Average Grade,Max Cadence,Average Cadence,Average Heart Rate,Calories,Grade Adjusted Distance,Weather Observation Time,Weather Condition,Weather Temperature,Apparent Temperature,Dewpoint,Humidity,Weather Pressure,Wind Speed,Wind Gust,Wind Bearing,Precipitation Intensity,Sunrise Time,Sunset Time,Moon Phase,Precipitation Probability,Cloud Cover,Weather Visibility,UV Index,Average Elapsed Speed,Dirt Distance,Total Steps,Average Grade Adjusted Pace,temperature_2m,relative_humidity_2m,wind_speed_10m,workout_style
19132130902,2026-07-01 09:21:48,Morning Workout,Workout,,3642,132.0,8.0,activities/20247921767.fit.gz,3642.0,0.0,0.0,0.0,0.0,0.0,,,0.0,0.0,,,99.0,218.0,,,,,,,,,,,,,,,,,,,,0.0,0.0,,,,,,Unknown
19119914524,2026-06-30 09:18:10,Morning Run,Run,,2353,169.0,34.0,activities/20235532503.fit.gz,2053.0,5006.7,3.343,2.439,6.5,6.7,11.2,18.4,3.3,0.0,81.0,78.0,150.0,315.0,5016.9,,,,,,,,,,,,,,,,,,,2.128,0.0,5286.0,2.444,26.4,91,2.9,Steady State
19105680038,2026-06-29 11:02:11,Lunch Swim,Swim,,2026,146.0,13.0,activities/20221068101.fit.gz,1568.0,1000.0,1.74,0.638,0.0,0.0,,,0.0,0.0,,,124.0,224.0,,,,,,,,,,,,,,,,,,,,0.494,0.0,,,,,,Unknown
19094614966,2026-06-28 15:06:56,Afternoon Workout,Workout,,3268,124.0,6.0,activities/20209788713.fit.gz,3268.0,0.0,0.0,0.0,0.0,0.0,,,0.0,0.0,,,95.0,180.0,,,,,,,,,,,,,,,,,,,,0.0,0.0,,,,,,Unknown
19072013075,2026-06-26 17:08:51,Afternoon Run,Run,,2670,180.0,73.0,activities/20186784917.fit.gz,2650.0,7004.2,3.657,2.643,17.9,21.9,10.7,18.5,3.1,-0.1,81.0,79.0,162.0,458.0,7010.3,,,,,,,,,,,,,,,,,,,2.623,0.0,6910.0,2.645,30.9,62,10.4,Steady State
19057160793,2026-06-25 11:12:44,Lunch Workout,Workout,,2808,133.0,6.0,activities/20171717067.fit.gz,2808.0,0.0,0.0,0.0,0.0,0.0,,,0.0,0.0,,,103.0,188.0,,,,,,,,,,,,,,,,,,,,0.0,0.0,,,,,,Unknown
19047193258,2026-06-24 17:15:04,Afternoon Run,Run,,2790,178.0,52.0,activities/20161606105.fit.gz,2308.0,6007.3,3.829,2.603,10.1,14.1,11.2,18.5,3.0,-0.1,81.0,78.0,156.0,382.0,6006.9,,,,,,,,,,,,,,,,,,,2.153,0.0,5936.0,2.603,27.1,88,5.3,Steady State
19019736007,2026-06-22 17:15:03,Afternoon Run,Run,"Up / 400 × 8
(2/2)",1190,190.0,18.0,activities/20133775638.fit.gz,582.0,2493.5,6.333,4.284,31.5,26.7,14.8,21.6,5.0,0.1,89.0,82.0,167.0,109.0,2552.7,,,,,,,,,,,,,,,,,,,2.095,0.0,1556.0,4.386,26.4,86,6.4,Interval
19019735787,2026-06-22 16:59:54,Afternoon Run,Run,"Up / 400 × 8
Accidentally saved 😪 (1/2)",757,175.0,4.0,activities/20133775499.fit.gz,504.0,1747.2,5.16,3.467,18.0,13.9,15.7,22.5,5.9,0.3,87.0,81.0,141.0,81.0,1785.7,,,,,,,,,,,,,,,,,,,2.308,0.0,1340.0,3.543,25.8,93,4.8,Interval
19006878157,2026-06-21 15:41:02,Afternoon Workout,Workout,,3654,133.0,8.0,activities/20120673340.fit.gz,3654.0,0.0,0.0,0.0,0.0,0.0,0.0,0.0,0.0,0.0,,,102.0,232.0,,,,,,,,,,,,,,,,,,,,0.0,0.0,,,,,,Unknown
18979343537,2026-06-19 10:13:31,Morning Swim,Swim,,2186,132.0,8.0,activities/20092680801.fit.gz,1423.0,1000.0,7.16,0.703,0.0,0.0,0.0,0.0,0.0,0.0,,,117.0,236.0,,,,,,,,,,,,,,,,,,,,0.457,0.0,,,,,,Unknown
18965835832,2026-06-18 08:49:10,Morning Run,Run,,2603,170.0,53.0,activities/20078989069.fit.gz,2422.0,6007.9,3.65,2.481,16.6,18.4,11.2,18.5,3.0,0.0,82.0,79.0,156.0,392.0,6017.0,,,,,,,,,,,,,,,,,,,2.308,0.0,6326.0,2.484,23.9,99,5.1,Steady State
18953840888,2026-06-17 09:27:57,Morning Workout,Workout,,3465,126.0,6.0,activities/20066835118.fit.gz,3465.0,0.0,0.0,0.0,0.0,0.0,0.0,0.0,0.0,0.0,,,92.0,175.0,,,,,,,,,,,,,,,,,,,,0.0,0.0,,,,,,Unknown
18937525897,2026-06-16 09:44:20,Morning Run,Run,Up / 800 × 4,1672,193.0,38.0,activities/20050288286.fit.gz,1153.0,4226.5,4.62,3.666,52.3,50.0,13.5,20.6,4.5,0.1,83.0,79.0,166.0,221.0,4300.3,,,,,,,,,,,,,,,,,,,2.528,0.0,3008.0,3.73,25.6,97,0.6,Interval
18912176124,2026-06-14 13:40:19,Afternoon Workout,Workout,,3441,129.0,8.0,activities/20024570279.fit.gz,3441.0,0.0,0.0,0.0,0.0,0.0,0.0,0.0,0.0,0.0,,,100.0,212.0,,,,,,,,,,,,,,,,,,,,0.0,0.0,,,,,,Unknown
18898088557,2026-06-13 09:05:02,Morning Walk,Walk,,11740,126.0,23.0,activities/20010237637.fit.gz,10962.0,12659.7,3.02,1.155,236.6,238.6,15.1,105.2,25.3,0.0,115.0,53.0,95.0,689.0,,,,,,,,,,,,,,,,,,,,1.078,10716.8,19606.0,,,,,Unknown
18885442355,2026-06-12 08:52:24,Morning Run,Run,Up / 400 × 6,1757,188.0,17.0,activities/19997384630.fit.gz,905.0,3299.9,5.66,3.646,36.3,31.7,16.4,23.3,5.0,0.2,86.0,81.0,154.0,150.0,3368.2,,,,,,,,,,,,,,,,,,,1.878,0.0,2404.0,3.722,23.9,99,4.7,Interval
18863541933,2026-06-10 18:24:31,Evening Workout,Workout,,3187,121.0,5.0,activities/19975172712.fit.gz,3187.0,0.0,0.0,0.0,0.0,0.0,0.0,0.0,0.0,0.0,,,89.0,146.0,,,,,,,,,,,,,,,,,,,,0.0,0.0,,,,,,Unknown
18860664112,2026-06-09 17:22:08,Afternoon Run,Run,,2131,163.0,31.0,activities/19972242125.fit.gz,1979.0,5005.4,3.75,2.529,6.1,5.4,11.2,14.7,4.6,0.0,81.0,79.0,150.0,307.0,5015.1,,,,,,,,,,,,,,,,,,,2.349,0.0,5176.0,2.534,29.0,70,8.5,Steady State
18836246492,2026-06-08 20:17:46,Evening Swim,Swim,,1383,131.0,4.0,activities/19947398763.fit.gz,1109.0,600.0,2.5,0.541,0.0,0.0,0.0,0.0,0.0,0.0,,,115.0,128.0,,,,,,,,,,,,,,,,,,,,0.434,0.0,,,,,,Unknown
18817775995,2026-06-07 09:49:15,Morning Workout,Workout,,3755,123.0,7.0,activities/19928572423.fit.gz,3755.0,0.0,0.0,0.0,0.0,0.0,0.0,0.0,0.0,0.0,,,90.0,178.0,,,,,,,,,,,,,,,,,,,,0.0,0.0,,,,,,Unknown
18803911824,2026-06-06 09:16:48,Morning Run,Run,Too hot,2911,178.0,64.0,activities/19914441334.fit.gz,2678.0,6509.5,3.462,2.431,16.9,20.2,10.9,18.5,27.3,-0.1,81.0,78.0,160.0,439.0,6513.8,,,,,,,,,,,,,,,,,,,2.236,0.0,6818.0,2.432,29.4,84,5.0,Steady State
18781287330,2026-06-04 17:34:13,Afternoon Run,Run,Up / 400 × 8,2197,190.0,27.0,activities/19891403454.fit.gz,1106.0,4212.4,5.34,3.809,51.7,50.4,14.5,21.7,5.1,0.1,85.0,80.0,160.0,195.0,4302.6,,,,,,,,,,,,,,,,,,,1.917,0.0,2916.0,3.89,31.6,60,4.8,Interval
18764394030,2026-06-03 09:10:27,Morning Workout,Workout,,3179,123.0,6.0,activities/19874205064.fit.gz,3179.0,0.0,0.0,0.0,0.0,0.0,0.0,0.0,0.0,0.0,,,92.0,162.0,,,,,,,,,,,,,,,,,,,,0.0,0.0,,,,,,Unknown
18752969228,2026-06-02 17:01:03,Afternoon Run,Run,Up / tempo / down,2143,188.0,43.0,activities/19862614610.fit.gz,1623.0,4728.1,4.5,2.913,7.0,6.3,10.9,18.8,3.1,0.0,82.0,79.0,160.0,281.0,4739.2,,,,,,,,,,,,,,,,,,,2.206,0.0,4228.0,2.92,31.7,58,9.8,Steady State
18722142946,2026-05-31 07:47:25,Morning Run,Run,,2575,169.0,39.0,activities/19831176280.fit.gz,2427.0,5560.5,3.571,2.291,16.6,19.8,11.2,18.5,3.4,-0.1,81.0,77.0,151.0,362.0,5566.7,,,,,,,,,,,,,,,,,,,2.159,0.0,6194.0,2.294,24.9,98,1.0,Steady State
18710564111,2026-05-30 09:16:09,Morning Workout,Workout,,4288,122.0,8.0,activities/19819371227.fit.gz,4288.0,0.0,0.0,0.0,0.0,0.0,0.0,0.0,0.0,0.0,,,95.0,225.0,,,,,,,,,,,,,,,,,,,,0.0,0.0,,,,,,Unknown
18683172303,2026-05-28 08:33:16,Morning Run,Run,,2680,165.0,33.0,activities/19791461807.fit.gz,2453.0,6006.7,5.833,2.449,13.8,13.8,11.2,22.3,3.2,0.0,81.0,79.0,148.0,375.0,6024.0,,,,,,,,,,,,,,,,,,,2.241,0.0,6378.0,2.456,24.9,98,11.0,Steady State
18671072228,2026-05-27 11:20:12,Lunch Workout,Workout,,1226,127.0,2.0,activities/19779145582.fit.gz,1226.0,0.0,0.0,0.0,0.0,0.0,0.0,0.0,0.0,0.0,,,101.0,81.0,,,,,,,,,,,,,,,,,,,,0.0,0.0,,,,,,Unknown
18645992206,2026-05-25 17:21:43,Afternoon Run,Run,Up / ~560 × 5,1930,185.0,18.0,activities/19753591309.fit.gz,1116.0,3284.1,5.66,2.943,33.5,35.8,11.1,14.8,13.0,0.0,85.0,79.0,151.0,185.0,3334.5,,,,,,,,,,,,,,,,,,,1.702,0.0,2918.0,2.988,28.8,81,2.1,Interval
18634029932,2026-05-24 17:46:24,Afternoon Workout,Workout,,2213,117.0,4.0,activities/19741371122.fit.gz,2213.0,0.0,0.0,0.0,0.0,0.0,0.0,0.0,0.0,0.0,,,92.0,97.0,,,,,,,,,,,,,,,,,,,,0.0,0.0,,,,,,Unknown
18628484869,2026-05-24 08:26:23,Morning Run,Run,,3438,178.0,90.0,activities/19735709182.fit.gz,3333.0,8001.4,3.478,2.401,17.9,20.7,10.6,18.5,3.0,-0.1,81.0,78.0,162.0,540.0,8008.1,,,,,,,,,,,,,,,,,,,2.327,0.0,8680.0,2.403,24.7,99,2.5,Steady State
18592646480,2026-05-21 17:17:24,Afternoon Run,Run,,1999,188.0,64.0,activities/19699152692.fit.gz,1766.0,5002.7,3.817,2.833,28.2,21.0,17.3,31.9,4.5,0.1,81.0,78.0,169.0,331.0,5033.3,,,,,,,,,,,,,,,,,,,2.503,0.0,4538.0,2.85,31.5,59,7.4,Steady State
18576671387,2026-05-20 09:49:26,Morning Workout,Workout,,3595,140.0,8.0,activities/19682957959.fit.gz,3595.0,0.0,0.0,0.0,0.0,0.0,0.0,0.0,0.0,0.0,,,104.0,234.0,,,,,,,,,,,,,,,,,,,,0.0,0.0,,,,,,Unknown
18567422210,2026-05-19 19:47:06,Evening Run,Run,Up / 600 × 4 / down,2152,192.0,32.0,activities/19673618323.fit.gz,1336.0,4004.5,4.733,2.997,9.6,11.8,9.1,18.8,10.1,-0.1,89.0,78.0,159.0,227.0,4005.6,,,,,,,,,,,,,,,,,,,1.861,0.0,3440.0,2.998,27.6,90,4.3,Interval
18541891376,2026-05-17 18:16:39,Evening Run,Run,,2239,179.0,65.0,activities/19647806996.fit.gz,2193.0,6006.6,4.286,2.739,10.1,14.6,11.2,19.0,3.2,-0.1,82.0,79.0,164.0,387.0,6004.3,,,,,,,,,,,,,,,,,,,2.683,0.0,5702.0,2.738,30.3,68,3.2,Steady State
18523600709,2026-05-16 09:20:40,Morning Workout,Workout,,2923,129.0,6.0,activities/19629262516.fit.gz,2923.0,0.0,0.0,0.0,0.0,0.0,0.0,0.0,0.0,0.0,,,98.0,173.0,,,,,,,,,,,,,,,,,,,,0.0,0.0,,,,,,Unknown
18502117751,2026-05-14 17:30:53,Afternoon Run,Run,Up / 300 × 6 hills / down,2701,179.0,27.0,activities/19607608440.fit.gz,1354.0,4000.8,4.4,2.955,47.5,47.6,25.5,37.8,18.5,0.0,85.0,79.0,155.0,232.0,4185.9,,,,,,,,,,,,,,,,,,,1.481,1167.4,3524.0,3.092,29.7,73,3.6,Interval
18485986608,2026-05-13 10:36:34,Morning Workout,Workout,,2815,149.0,6.0,activities/19591324248.fit.gz,2815.0,0.0,0.0,0.0,0.0,0.0,0.0,0.0,0.0,0.0,,,100.0,175.0,,,,,,,,,,,,,,,,,,,,0.0,0.0,,,,,,Unknown
18474823745,2026-05-12 17:27:58,Afternoon Run,Run,,2223,177.0,56.0,activities/19580099979.fit.gz,2093.0,5001.5,3.188,2.39,6.4,5.6,11.2,18.0,5.5,0.0,81.0,78.0,163.0,341.0,5012.1,,,,,,,,,,,,,,,,,,,2.25,0.0,5430.0,2.395,28.4,84,1.5,Steady State
18450262713,2026-05-10 18:03:41,Evening Run,Run,,1313,163.0,16.0,activities/19555283590.fit.gz,1220.0,3003.5,3.486,2.462,5.5,5.0,11.0,17.4,3.4,0.0,81.0,78.0,146.0,188.0,3011.4,,,,,,,,,,,,,,,,,,,2.288,162.9,3162.0,2.468,29.0,75,3.6,Steady State
18432784275,2026-05-09 09:57:38,Morning Workout,Workout,,3532,142.0,9.0,activities/19537569898.fit.gz,3532.0,0.0,0.0,0.0,0.0,0.0,0.0,0.0,0.0,0.0,,,109.0,259.0,,,,,,,,,,,,,,,,,,,,0.0,0.0,,,,,,Unknown
18412096792,2026-05-07 20:19:19,Evening Run,Run,Up / 600 × 4 / down,2360,194.0,55.0,activities/19516702748.fit.gz,1725.0,5004.6,4.86,2.901,13.5,14.9,9.1,18.9,21.2,0.0,89.0,79.0,166.0,303.0,5016.9,,,,,,,,,,,,,,,,,,,2.121,0.0,4492.0,2.908,25.7,97,0.8,Steady State
18394051742,2026-05-06 10:13:04,Morning Workout,Workout,,3204,133.0,7.0,activities/19498515808.fit.gz,3204.0,0.0,0.0,0.0,0.0,0.0,0.0,0.0,0.0,0.0,,,99.0,190.0,,,,,,,,,,,,,,,,,,,,0.0,0.0,,,,,,Unknown
18383413212,2026-05-05 17:27:08,Afternoon Run,Run,,2136,188.0,38.0,activities/19487816318.fit.gz,1947.0,5004.0,3.971,2.57,4.2,6.1,11.2,18.1,3.3,0.0,81.0,79.0,153.0,307.0,5007.8,,,,,,,,,,,,,,,,,,,2.343,156.5,5072.0,2.572,28.9,76,3.2,Steady State
18383412285,2026-05-03 12:44:19,Lunch Workout,Workout,,3686,134.0,9.0,activities/19487815522.fit.gz,3686.0,0.0,0.0,0.0,0.0,0.0,0.0,0.0,0.0,0.0,,,105.0,241.0,,,,,,,,,,,,,,,,,,,,0.0,0.0,,,,,,Unknown
18326641651,2026-05-01 09:11:14,Morning Workout,Workout,,4591,134.0,9.0,activities/19430336485.fit.gz,4591.0,0.0,0.0,0.0,0.0,0.0,0.0,0.0,0.0,0.0,,,96.0,251.0,,,,,,,,,,,,,,,,,,,,0.0,0.0,,,,,,Unknown
18262808850,2026-04-26 17:15:34,Afternoon Run,Run,,1523,183.0,43.0,activities/19365991501.fit.gz,1473.0,4126.6,3.611,2.801,2.8,6.5,11.2,18.2,2.7,-0.1,80.0,78.0,165.0,259.0,4120.7,,,,,,,,,,,,,,,,,,,2.71,0.0,3778.0,2.797,29.1,75,6.2,Steady State
18197966465,2026-04-21 20:56:27,Evening Run,Run,Up + ~560 × 6,2397,188.0,32.0,activities/19300615187.fit.gz,1523.0,4300.5,4.84,2.824,27.1,27.2,11.1,14.8,22.9,0.0,85.0,79.0,157.0,244.0,4427.8,,,,,,,,,,,,,,,,,,,1.794,0.0,3980.0,2.907,24.2,96,3.7,Interval
18169881255,2026-04-19 17:39:59,Afternoon Run,Run,,3748,167.0,42.0,activities/19272276468.fit.gz,3393.0,8006.6,3.175,2.36,21.2,21.1,10.7,18.5,3.4,0.0,81.0,78.0,146.0,492.0,8028.8,,,,,,,,,,,,,,,,,,,2.136,0.0,8850.0,2.366,27.5,82,4.0,Steady State
18154571622,2026-04-18 09:07:17,Morning Workout,Workout,,3701,121.0,6.0,activities/19256776834.fit.gz,3701.0,0.0,0.0,0.0,0.0,0.0,0.0,0.0,0.0,0.0,,,90.0,171.0,,,,,,,,,,,,,,,,,,,,0.0,0.0,,,,,,Unknown
18142444554,2026-04-17 17:14:10,Afternoon Run,Run,Up + tempo,1403,191.0,34.0,activities/19244550935.fit.gz,1249.0,3878.1,4.362,3.105,2.8,6.8,11.2,18.7,3.1,-0.1,81.0,78.0,161.0,220.0,3871.3,,,,,,,,,,,,,,,,,,,2.764,0.0,3218.0,3.1,30.0,70,3.6,Steady State
18116420507,2026-04-15 17:47:05,Afternoon Run,Run,Up + ~540 × 6,2282,191.0,33.0,activities/19218330861.fit.gz,1350.0,4230.7,4.929,3.134,42.2,44.0,11.1,14.8,8.3,-0.1,83.0,79.0,159.0,236.0,4320.3,,,,,,,,,,,,,,,,,,,1.854,0.0,3538.0,3.2,29.6,71,5.4,Interval
18076882274,2026-04-12 17:20:19,Afternoon Run,Run,,3156,170.0,62.0,activities/19178466045.fit.gz,3049.0,7431.1,3.15,2.437,17.9,21.1,10.6,18.5,3.1,-0.1,81.0,78.0,155.0,478.0,7438.0,,,,,,,,,,,,,,,,,,,2.355,0.0,7942.0,2.439,30.4,67,0.7,Steady State
18060514609,2026-04-11 09:14:44,Morning Workout,Workout,,3642,137.0,8.0,activities/19161883527.fit.gz,3642.0,0.0,0.0,0.0,0.0,0.0,0.0,0.0,0.0,0.0,,,103.0,234.0,,,,,,,,,,,,,,,,,,,,0.0,0.0,,,,,,Unknown
18051339376,2026-04-10 16:50:20,Afternoon Run,Run,Up + tempo,1583,187.0,34.0,activities/19152646731.fit.gz,1313.0,4007.1,4.58,3.052,42.5,51.6,10.3,24.9,7.8,-0.2,84.0,79.0,160.0,226.0,4071.7,,,,,,,,,,,,,,,,,,,2.531,0.0,3410.0,3.101,29.0,74,4.2,Steady State
18026828242,2026-04-08 20:43:51,Evening Run,Run,400 × 6 + down,1355,192.0,24.0,activities/19127902813.fit.gz,657.0,2592.3,4.983,3.946,6.9,2.6,9.1,13.7,16.0,0.1,86.0,81.0,170.0,122.0,2606.1,,,,,,,,,,,,,,,,,,,1.913,0.0,1752.0,3.97,26.2,89,6.2,Interval
18026826432,2026-04-08 20:32:25,Evening Run,Run,Up,567,148.0,2.0,activities/19127901112.fit.gz,496.0,1250.6,4.12,2.521,3.1,14.6,10.0,22.6,50.0,-0.8,82.0,79.0,136.0,73.0,1248.8,,,,,,,,,,,,,,,,,,,2.206,0.0,1294.0,2.538,26.2,89,6.2,Steady State
17981432121,2026-04-05 07:51:41,Morning Run,Run,,2000,181.0,49.0,activities/19081850502.fit.gz,1939.0,5009.3,4.82,2.583,16.4,20.1,8.9,18.1,4.3,-0.1,81.0,78.0,161.0,328.0,5027.1,,,,,,,,,,,,,,,,,,,2.505,433.0,4996.0,2.593,24.0,97,1.8,Steady State
17969229182,2026-04-04 09:02:50,Morning Workout,Workout,,3250,134.0,7.0,activities/19069518230.fit.gz,3250.0,0.0,0.0,0.0,0.0,0.0,0.0,0.0,0.0,0.0,,,99.0,192.0,,,,,,,,,,,,,,,,,,,,0.0,0.0,,,,,,Unknown
17960027020,2026-04-03 18:08:19,Evening Run,Run,Tempo,915,193.0,49.0,activities/19060251534.fit.gz,915.0,3003.3,3.95,3.282,9.4,4.7,9.1,16.3,3.2,0.1,82.0,78.0,181.0,181.0,3016.8,,,,,,,,,,,,,,,,,,,3.282,0.0,2358.0,3.297,31.5,59,4.5,Steady State
17960026987,2026-04-03 17:55:35,Afternoon Run,Run,Warmup,666,156.0,6.0,activities/19060251452.fit.gz,658.0,1627.8,3.18,2.474,3.1,10.0,10.2,18.3,5.2,-0.5,93.0,78.0,141.0,102.0,1613.1,,,,,,,,,,,,,,,,,,,2.444,0.0,1712.0,2.452,32.4,56,4.6,Steady State
17937386231,2026-04-01 20:04:41,Evening Run,Run,Up + 400 × 6 + down,3098,188.0,27.0,activities/19037463488.fit.gz,1445.0,4465.5,5.45,3.09,16.6,14.0,9.3,20.1,38.0,0.1,87.0,79.0,155.0,233.0,4506.9,,,,,,,,,,,,,,,,,,,1.441,0.0,3762.0,3.119,27.6,78,3.1,Interval
17901190556,2026-03-29 20:58:48,Evening Run,Run,Laze,1305,166.0,23.0,activities/19000957075.fit.gz,1305.0,3186.1,5.96,2.441,13.1,11.8,13.1,19.7,2.9,0.0,83.0,79.0,152.0,209.0,3193.1,,,,,,,,,,,,,,,,,,,2.441,0.0,3408.0,2.447,25.4,96,4.8,Steady State
17883318985,2026-03-28 09:19:29,Morning Workout,Workout,,4430,144.0,11.0,activities/18982881548.fit.gz,4430.0,0.0,0.0,0.0,0.0,0.0,0.0,0.0,0.0,0.0,,,104.0,286.0,,,,,,,,,,,,,,,,,,,,0.0,0.0,,,,,,Unknown
17872515581,2026-03-27 08:15:54,Morning Run,Run,Warmup + tempo,1526,193.0,38.0,activities/18972015046.fit.gz,1265.0,4005.3,4.833,3.166,5.3,3.2,11.4,14.7,2.8,0.0,82.0,77.0,164.0,227.0,4011.0,,,,,,,,,,,,,,,,,,,2.625,431.8,3212.0,3.171,24.8,89,6.8,Steady State
17851293062,2026-03-25 18:06:57,Evening Run,Run,400 × 6,1140,191.0,19.0,activities/18950777707.fit.gz,606.0,2417.2,5.12,3.989,2.6,2.6,9.3,12.0,2.7,0.0,85.0,79.0,166.0,111.0,2419.4,,,,,,,,,,,,,,,,,,,2.12,0.0,1576.0,3.992,31.0,47,15.9,Interval
17851287858,2026-03-25 17:54:42,Afternoon Run,Run,Warmup,562,148.0,1.0,activities/18950772557.fit.gz,416.0,1106.5,3.45,2.66,3.5,10.7,10.2,18.3,5.2,-0.7,84.0,79.0,129.0,56.0,1093.4,,,,,,,,,,,,,,,,,,,1.969,0.0,1086.0,2.628,33.1,43,13.9,Steady State
17812747438,2026-03-22 17:39:51,Afternoon Run,Run,,2123,170.0,37.0,activities/18912008006.fit.gz,2023.0,5009.4,4.143,2.476,9.7,8.6,11.4,19.3,3.2,0.0,80.0,77.0,152.0,318.0,5022.1,,,,,,,,,,,,,,,,,,,2.36,406.3,5172.0,2.483,31.7,48,13.1,Steady State
17790446041,2026-03-20 19:55:47,Evening Run,Run,Warmup + tempo,2205,192.0,58.0,activities/18889474628.fit.gz,1905.0,5608.4,4.24,2.944,21.4,21.3,9.3,19.5,6.5,0.0,84.0,77.0,165.0,334.0,5629.3,,,,,,,,,,,,,,,,,,,2.543,0.0,4848.0,2.955,27.9,70,12.2,Steady State
17764378190,2026-03-18 17:46:52,Afternoon Run,Run,400 × 6,1164,185.0,19.0,activities/18863267611.fit.gz,617.0,2403.6,5.233,3.896,8.5,11.8,13.0,17.8,25.3,-0.2,110.0,79.0,166.0,114.0,2425.9,,,,,,,,,,,,,,,,,,,2.065,0.0,1600.0,3.932,29.8,63,11.7,Interval
17764378095,2026-03-18 17:37:52,Afternoon Run,Run,Warmup,490,156.0,4.0,activities/18863267556.fit.gz,490.0,1262.9,3.525,2.577,2.8,3.8,13.0,17.8,3.3,-0.1,81.0,77.0,141.0,73.0,1266.3,,,,,,,,,,,,,,,,,,,2.577,0.0,1248.0,2.584,29.8,63,11.7,Steady State
17728209335,2026-03-15 17:12:16,Afternoon Run,Run,,2004,176.0,51.0,activities/18826921785.fit.gz,1939.0,5008.4,3.475,2.583,18.6,21.2,8.9,17.4,4.4,-0.1,79.0,76.0,162.0,324.0,5039.4,,,,,,,,,,,,,,,,,,,2.499,427.6,4884.0,2.599,28.8,68,14.0,Steady State
17714385338,2026-03-14 09:19:39,Morning Workout,Workout,,2580,131.0,6.0,activities/18812939842.fit.gz,2580.0,0.0,0.0,0.0,0.0,0.0,0.0,0.0,0.0,0.0,,,101.0,161.0,,,,,,,,,,,,,,,,,,,,0.0,0.0,,,,,,Unknown
17705920260,2026-03-13 17:11:02,Afternoon Run,Run,Tempo,910,192.0,47.0,activities/18804446045.fit.gz,907.0,3002.1,4.7,3.31,3.2,3.2,11.4,14.7,1.0,0.0,81.0,76.0,179.0,179.0,3004.2,,,,,,,,,,,,,,,,,,,3.299,0.0,2288.0,3.312,30.2,57,15.4,Steady State
17705807292,2026-03-13 16:59:06,Afternoon Run,Run,Warmup,539,146.0,1.0,activities/18804332584.fit.gz,416.0,1006.1,3.0,2.419,0.0,5.1,12.4,18.0,4.0,-0.4,79.0,78.0,131.0,57.0,998.8,,,,,,,,,,,,,,,,,,,1.867,207.5,1062.0,2.401,31.2,56,14.1,Steady State
17684753706,2026-03-11 20:42:23,Evening Run,Run,400 × 6,1396,184.0,17.0,activities/18783187179.fit.gz,590.0,2411.3,5.48,4.087,6.7,0.0,9.3,16.2,14.9,0.2,85.0,81.0,165.0,105.0,2429.5,,,,,,,,,,,,,,,,,,,1.727,0.0,1576.0,4.118,27.4,70,11.6,Interval
17684747593,2026-03-11 20:27:17,Evening Run,Run,Warmup,762,154.0,5.0,activities/18783180991.fit.gz,748.0,1660.4,3.08,2.22,3.5,12.3,10.2,22.0,5.3,-0.7,100.0,76.0,140.0,106.0,1651.4,,,,,,,,,,,,,,,,,,,2.179,0.0,1892.0,2.208,27.4,70,11.6,Steady State
17645742116,2026-03-08 17:40:18,Afternoon Run,Run,,3657,175.0,74.0,activities/18743929028.fit.gz,3544.0,8501.7,3.42,2.399,20.3,24.1,10.8,18.6,3.1,0.0,80.0,77.0,156.0,547.0,8514.1,,,,,,,,,,,,,,,,,,,2.325,1587.3,9068.0,2.402,30.6,55,15.0,Steady State
17630974642,2026-03-07 09:37:04,Morning Workout,Workout,,4181,146.0,11.0,activities/18728989653.fit.gz,4181.0,0.0,0.0,0.0,0.0,0.0,0.0,0.0,0.0,0.0,,,107.0,281.0,,,,,,,,,,,,,,,,,,,,0.0,0.0,,,,,,Unknown
17599954069,2026-03-04 20:20:19,Evening Run,Run,400 × 6,977,194.0,29.0,activities/18697882980.fit.gz,640.0,2407.8,4.933,3.762,2.6,2.6,9.3,12.0,2.6,0.0,80.0,77.0,176.0,123.0,2410.9,,,,,,,,,,,,,,,,,,,2.464,0.0,1610.0,3.767,25.0,91,8.4,Interval
17599954104,2026-03-04 20:08:57,Evening Run,Run,Warmup,514,148.0,2.0,activities/18697882968.fit.gz,471.0,1092.9,2.767,2.32,2.9,10.0,10.2,18.1,2.0,-0.7,79.0,77.0,133.0,63.0,1078.3,,,,,,,,,,,,,,,,,,,2.126,0.0,1198.0,2.289,25.0,91,8.4,Steady State
17559528331,2026-03-01 09:36:43,Morning Run,Run,,1670,173.0,38.0,activities/18657200610.fit.gz,1628.0,4004.2,3.683,2.46,7.4,8.9,10.4,17.9,5.6,0.0,79.0,76.0,158.0,256.0,4010.8,,,,,,,,,,,,,,,,,,,2.398,418.4,4128.0,2.464,26.9,88,7.0,Steady State
17547668904,2026-02-28 09:08:33,Morning Workout,Workout,,2110,124.0,4.0,activities/18645216400.fit.gz,2110.0,0.0,0.0,0.0,0.0,0.0,0.0,0.0,0.0,0.0,,,99.0,125.0,,,,,,,,,,,,,,,,,,,,0.0,0.0,,,,,,Unknown
17525155451,2026-02-26 08:50:17,Morning Run,Run,Tempo,887,197.0,48.0,activities/18622604323.fit.gz,887.0,3005.7,4.4,3.389,3.6,3.1,11.0,14.7,1.2,0.0,80.0,76.0,182.0,175.0,3009.8,,,,,,,,,,,,,,,,,,,3.389,0.0,2254.0,3.393,23.9,99,2.7,Steady State
17525155525,2026-02-26 08:40:23,Morning Run,Run,Warmup,402,146.0,1.0,activities/18622604357.fit.gz,373.0,903.5,3.3,2.422,0.0,4.7,12.4,20.9,3.2,-0.7,79.0,76.0,131.0,51.0,897.2,,,,,,,,,,,,,,,,,,,2.248,225.5,932.0,2.405,23.9,99,2.7,Steady State
17516650317,2026-02-24 09:40:12,Morning Workout,Workout,,2437,141.0,6.0,activities/18614076340.fit.gz,2437.0,0.0,0.0,0.0,0.0,0.0,0.0,0.0,0.0,0.0,,,104.0,161.0,,,,,,,,,,,,,,,,,,,,0.0,0.0,,,,,,Unknown
17491976754,2026-02-23 17:24:47,Afternoon Run,Run,400 × 6,1257,189.0,27.0,activities/18589336001.fit.gz,607.0,2399.3,5.2,3.953,0.0,0.0,9.3,10.2,0.9,0.0,83.0,78.0,175.0,113.0,2399.0,,,,,,,,,,,,,,,,,,,1.909,0.0,1552.0,3.952,28.7,67,3.5,Interval
17491976772,2026-02-23 17:09:46,Afternoon Run,Run,Warmup,754,169.0,10.0,activities/18589335980.fit.gz,704.0,1692.9,3.414,2.405,3.8,10.7,10.2,19.6,8.9,-0.6,79.0,76.0,150.0,106.0,1684.2,,,,,,,,,,,,,,,,,,,2.245,0.0,1780.0,2.392,28.7,67,3.5,Steady State
17467071654,2026-02-21 09:06:36,Morning Workout,Workout,,3424,143.0,9.0,activities/18564248022.fit.gz,3424.0,0.0,0.0,0.0,0.0,0.0,0.0,0.0,0.0,0.0,,,110.0,246.0,,,,,,,,,,,,,,,,,,,,0.0,0.0,,,,,,Unknown
17459940358,2026-02-20 18:03:08,Evening Run,Run,,1707,164.0,22.0,activities/18557105285.fit.gz,1680.0,4000.8,2.94,2.381,15.7,17.2,9.3,19.0,6.1,-0.1,79.0,75.0,148.0,249.0,4010.4,,,,,,,,,,,,,,,,,,,2.344,0.0,4222.0,2.387,26.5,81,11.3,Steady State
17400764819,2026-02-15 08:18:19,Morning Run,Run,,3419,172.0,70.0,activities/18497673579.fit.gz,3255.0,8002.6,3.66,2.459,22.3,21.2,10.9,18.9,3.4,0.0,79.0,77.0,157.0,502.0,8026.1,,,,,,,,,,,,,,,,,,,2.341,1384.6,8288.0,2.466,23.4,98,3.6,Steady State
17390016315,2026-02-14 09:36:39,Morning Workout,Workout,,2744,130.0,6.0,activities/18486836573.fit.gz,2744.0,0.0,0.0,0.0,0.0,0.0,0.0,0.0,0.0,0.0,,,100.0,164.0,,,,,,,,,,,,,,,,,,,,0.0,0.0,,,,,,Unknown
17382249130,2026-02-13 17:55:38,Afternoon Run,Run,400 × 6,1077,185.0,17.0,activities/18479050555.fit.gz,593.0,2400.8,4.878,4.049,2.5,2.5,9.3,12.0,2.7,0.0,83.0,79.0,164.0,104.0,2402.8,,,,,,,,,,,,,,,,,,,2.229,0.0,1546.0,4.052,29.4,66,10.5,Interval
17382249176,2026-02-13 17:41:42,Afternoon Run,Run,Warmup,546,151.0,2.0,activities/18479050496.fit.gz,526.0,1248.7,3.457,2.374,0.0,5.8,10.2,17.0,18.3,-0.5,78.0,75.0,133.0,73.0,1239.1,,,,,,,,,,,,,,,,,,,2.287,0.0,1314.0,2.356,29.4,66,10.5,Steady State
17382248589,2026-02-11 08:52:32,Morning Workout,Workout,,2768,130.0,7.0,activities/18479049929.fit.gz,2768.0,0.0,0.0,0.0,0.0,0.0,0.0,0.0,0.0,0.0,,,110.0,200.0,,,,,,,,,,,,,,,,,,,,0.0,0.0,,,,,,Unknown
17348506753,2026-02-10 17:53:57,Afternoon Run,Run,Felt like shit,113,160.0,1.0,activities/18445219232.fit.gz,113.0,409.8,4.157,3.627,0.0,0.0,9.3,10.0,0.7,0.1,82.0,79.0,142.0,18.0,410.7,,,,,,,,,,,,,,,,,,,3.627,0.0,304.0,3.635,30.9,54,13.7,Steady State
17348506754,2026-02-10 17:36:51,Afternoon Run,Run,Warump,841,163.0,5.0,activities/18445219317.fit.gz,730.0,1696.8,3.657,2.324,0.0,6.8,10.5,17.9,10.8,-0.3,91.0,77.0,140.0,102.0,1689.6,,,,,,,,,,,,,,,,,,,2.018,0.0,1870.0,2.315,30.9,54,13.7,Steady State
17325787674,2026-02-08 17:29:01,Afternoon Run,Run,,2151,175.0,39.0,activities/18422305688.fit.gz,2076.0,5005.1,6.1,2.411,28.1,29.4,7.7,19.3,13.0,0.0,103.0,77.0,155.0,321.0,5057.0,,,,,,,,,,,,,,,,,,,2.327,0.0,5238.0,2.436,30.2,57,15.2,Steady State
17313696923,2026-02-07 08:48:14,Morning Workout,Workout,,3237,131.0,7.0,activities/18410049023.fit.gz,3237.0,0.0,0.0,0.0,0.0,0.0,0.0,0.0,0.0,0.0,,,99.0,187.0,,,,,,,,,,,,,,,,,,,,0.0,0.0,,,,,,Unknown
17305921522,2026-02-06 19:46:12,Evening Run,Run,Tempo,962,187.0,36.0,activities/18402221431.fit.gz,928.0,3009.6,4.188,3.243,9.5,5.4,9.3,16.4,4.3,0.2,79.0,76.0,172.0,170.0,3031.3,,,,,,,,,,,,,,,,,,,3.128,0.0,2344.0,3.266,28.0,67,7.6,Steady State
17305921663,2026-02-06 19:34:41,Evening Run,Run,Warmup,529,145.0,1.0,activities/18402221551.fit.gz,472.0,1074.5,2.867,2.276,3.5,9.9,10.2,17.7,4.1,-0.7,81.0,77.0,130.0,60.0,1063.1,,,,,,,,,,,,,,,,,,,2.031,0.0,1192.0,2.252,28.0,67,7.6,Steady State
17279173900,2026-02-04 09:25:32,Morning Workout,Workout,,3020,132.0,6.0,activities/18375255274.fit.gz,3020.0,0.0,0.0,0.0,0.0,0.0,0.0,0.0,0.0,0.0,,,93.0,151.0,,,,,,,,,,,,,,,,,,,,0.0,0.0,,,,,,Unknown
17271603400,2026-02-03 20:52:26,Evening Run,Run,400 × 6,1148,187.0,18.0,activities/18367680578.fit.gz,588.0,2409.0,5.633,4.097,2.6,0.0,9.3,12.0,3.0,0.1,114.0,79.0,166.0,106.0,2414.3,,,,,,,,,,,,,,,,,,,2.098,0.0,1540.0,4.106,26.5,73,9.5,Interval
17271603388,2026-02-03 20:35:41,Evening Run,Run,Warmup,764,154.0,4.0,activities/18367680450.fit.gz,731.0,1652.8,2.98,2.261,0.0,7.4,10.2,18.4,4.5,-0.5,79.0,76.0,139.0,103.0,1639.1,,,,,,,,,,,,,,,,,,,2.163,0.0,1900.0,2.242,26.5,73,9.5,Steady State
17244456498,2026-02-01 08:22:40,Morning Run,Run,,3956,182.0,112.0,activities/18340240505.fit.gz,3704.0,9002.7,4.06,2.431,27.3,25.2,4.2,19.4,38.7,0.0,81.0,77.0,165.0,598.0,9082.1,,,,,,,,,,,,,,,,,,,2.276,580.1,9406.0,2.452,24.3,89,8.5,Steady State
17233322916,2026-01-31 09:17:17,Morning Workout,Workout,,2875,146.0,8.0,activities/18328986565.fit.gz,2875.0,0.0,0.0,0.0,0.0,0.0,0.0,0.0,0.0,0.0,,,113.0,222.0,,,,,,,,,,,,,,,,,,,,0.0,0.0,,,,,,Unknown
17216292777,2026-01-29 20:20:37,Evening Run,Run,Sore tempo,967,187.0,32.0,activities/18311872369.fit.gz,946.0,3003.8,5.25,3.175,13.1,9.2,13.1,19.7,2.7,0.1,79.0,76.0,167.0,168.0,3015.6,,,,,,,,,,,,,,,,,,,3.106,0.0,2392.0,3.188,26.0,79,7.7,Steady State
17200818017,2026-01-28 08:26:49,Morning Workout,Workout,,3029,132.0,7.0,activities/18296300584.fit.gz,3029.0,0.0,0.0,0.0,0.0,0.0,0.0,0.0,0.0,0.0,,,103.0,190.0,,,,,,,,,,,,,,,,,,,,0.0,0.0,,,,,,Unknown
17169269496,2026-01-25 17:18:15,Afternoon Run,Run,,2409,167.0,34.0,activities/18264508306.fit.gz,2271.0,5409.3,4.84,2.382,12.1,15.4,8.4,17.9,4.5,-0.1,80.0,77.0,150.0,330.0,5426.3,,,,,,,,,,,,,,,,,,,2.245,400.4,5774.0,2.389,29.3,56,15.0,Steady State
17169261426,2026-01-24 10:44:03,Morning Workout,Workout,,2855,142.0,7.0,activities/18264500218.fit.gz,2855.0,0.0,0.0,0.0,0.0,0.0,0.0,0.0,0.0,0.0,,,109.0,206.0,,,,,,,,,,,,,,,,,,,,0.0,0.0,,,,,,Unknown
17147688408,2026-01-23 17:29:02,Afternoon Run,Run,400 × 6,1094,195.0,22.0,activities/18242756329.fit.gz,611.0,2398.9,5.3,3.926,2.6,2.6,9.3,12.0,3.4,0.0,82.0,79.0,169.0,114.0,2402.1,,,,,,,,,,,,,,,,,,,2.193,0.0,1572.0,3.931,29.5,55,16.5,Interval
17147688393,2026-01-23 17:17:54,Afternoon Run,Run,Warmup,577,148.0,2.0,activities/18242756312.fit.gz,506.0,1229.9,3.34,2.431,3.1,9.5,10.2,17.7,3.7,-0.6,79.0,77.0,136.0,71.0,1217.0,,,,,,,,,,,,,,,,,,,2.132,0.0,1280.0,2.405,29.5,55,16.5,Steady State
17124778725,2026-01-21 16:50:18,Afternoon Run,Run,,1009,193.0,34.0,activities/18219661460.fit.gz,882.0,3003.3,5.411,3.405,5.1,4.8,12.0,17.7,3.2,0.0,80.0,77.0,170.0,162.0,3011.4,,,,,,,,,,,,,,,,,,,2.977,433.8,2238.0,3.414,29.8,54,11.8,Steady State
17110800273,2026-01-20 09:18:17,Morning Workout,Workout,,2672,142.0,7.0,activities/18205581722.fit.gz,2672.0,0.0,0.0,0.0,0.0,0.0,0.0,0.0,0.0,0.0,,,109.0,189.0,,,,,,,,,,,,,,,,,,,,0.0,0.0,,,,,,Unknown
17065093867,2026-01-16 08:26:22,Morning Run,Run,,1853,174.0,41.0,activities/18159401979.fit.gz,1806.0,4487.6,4.583,2.485,19.3,20.9,9.3,21.6,23.9,-0.1,81.0,76.0,158.0,282.0,4518.9,,,,,,,,,,,,,,,,,,,2.422,0.0,4576.0,2.502,23.9,92,8.3,Steady State
17044184392,2026-01-14 08:57:50,Morning Workout,Workout,,3201,142.0,8.0,activities/18138359859.fit.gz,3201.0,0.0,0.0,0.0,0.0,0.0,0.0,0.0,0.0,0.0,,,109.0,226.0,,,,,,,,,,,,,,,,,,,,0.0,0.0,,,,,,Unknown
17033517423,2026-01-13 19:43:33,Evening Run,Run,400 × 6,1074,192.0,27.0,activities/18127632722.fit.gz,607.0,2406.7,5.35,3.965,0.0,0.0,9.3,10.2,1.7,0.0,112.0,79.0,175.0,119.0,2407.2,,,,,,,,,,,,,,,,,,,2.241,0.0,1580.0,3.966,26.5,75,9.2,Interval
17033513397,2026-01-13 19:32:21,Evening Run,Run,Warmup,547,162.0,5.0,activities/18127628700.fit.gz,547.0,1250.0,2.914,2.285,3.1,9.1,10.2,17.4,7.2,-0.6,81.0,77.0,145.0,77.0,1240.8,,,,,,,,,,,,,,,,,,,2.285,0.0,1408.0,2.268,26.5,75,9.2,Steady State
17006877495,2026-01-11 08:12:34,Morning Run,Run,,3954,198.0,143.0,activities/18100690895.fit.gz,3704.0,10006.4,4.45,2.702,26.4,26.3,10.4,18.9,3.3,0.0,81.0,76.0,171.0,646.0,10029.4,,,,,,,,,,,,,,,,,,,2.531,1584.3,9400.0,2.708,23.4,84,10.8,Steady State
16985957682,2026-01-09 09:28:31,Morning Workout,Workout,,3999,147.0,11.0,activities/18079540797.fit.gz,3999.0,0.0,0.0,0.0,0.0,0.0,0.0,0.0,0.0,0.0,,,113.0,299.0,,,,,,,,,,,,,,,,,,,,0.0,0.0,,,,,,Unknown
16978248216,2026-01-08 17:20:34,Afternoon Run,Run,,1842,170.0,34.0,activities/18071807011.fit.gz,1801.0,4263.1,3.65,2.367,16.2,17.4,9.3,17.8,12.0,-0.1,80.0,77.0,155.0,280.0,4278.2,,,,,,,,,,,,,,,,,,,2.314,0.0,4598.0,2.375,27.3,76,14.8,Steady State
16951150744,2026-01-06 07:30:35,Morning Run,Run,,3940,190.0,139.0,activities/18044462396.fit.gz,3814.0,10007.8,3.514,2.624,20.8,25.5,10.1,18.6,3.0,-0.1,82.0,77.0,170.0,651.0,10014.8,,,,,,,,,,,,,,,,,,,2.54,1678.5,9764.0,2.626,24.0,92,8.9,Steady State
16934799456,2026-01-04 20:38:33,Evening Run,Run,,1805,164.0,30.0,activities/18027936696.fit.gz,1801.0,4230.9,3.463,2.349,18.6,18.0,12.9,19.7,8.7,0.1,79.0,77.0,151.0,262.0,4250.0,,,,,,,,,,,,,,,,,,,2.344,0.0,4598.0,2.36,25.0,86,6.8,Steady State
16908751451,2026-01-02 10:34:50,Morning Workout,Workout,,3696,152.0,12.0,activities/18001582195.fit.gz,3696.0,0.0,0.0,0.0,0.0,0.0,0.0,0.0,0.0,0.0,,,119.0,307.0,,,,,,,,,,,,,,,,,,,,0.0,0.0,,,,,,Unknown
16902346151,2026-01-01 20:15:21,Evening Run,Run,600 × 5,1184,195.0,42.0,activities/17995061516.fit.gz,852.0,3005.6,4.96,3.528,0.0,0.0,9.3,10.2,0.8,0.0,113.0,77.0,178.0,162.0,3006.4,,,,,,,,,,,,,,,,,,,2.539,0.0,2154.0,3.529,25.7,87,8.0,Steady State
16902346200,2026-01-01 20:03:54,Evening Run,Run,Warmup,586,157.0,5.0,activities/17995061404.fit.gz,562.0,1346.4,3.037,2.396,3.1,9.9,10.2,18.0,2.7,-0.6,80.0,77.0,143.0,80.0,1332.2,,,,,,,,,,,,,,,,,,,2.298,0.0,1436.0,2.37,25.7,87,8.0,Steady State
16883309445,2025-12-30 20:23:37,Evening Run,Run,,1201,169.0,26.0,activities/17975700962.fit.gz,1196.0,3116.0,3.857,2.605,20.5,25.0,11.0,20.3,11.1,-0.1,79.0,77.0,156.0,192.0,3141.5,,,,,,,,,,,,,,,,,,,2.595,0.0,3056.0,2.627,26.0,76,8.9,Steady State
16873290769,2025-12-29 09:33:08,Morning Workout,Workout,,4453,153.0,13.0,activities/17965557668.fit.gz,4453.0,0.0,0.0,0.0,0.0,0.0,0.0,0.0,0.0,0.0,,,114.0,332.0,,,,,,,,,,,,,,,,,,,,0.0,0.0,,,,,,Unknown
16853162077,2025-12-27 19:18:56,Evening Run,Run,,1593,187.0,59.0,activities/17945039428.fit.gz,1584.0,4337.3,3.456,2.738,15.8,19.6,9.3,22.0,3.8,-0.1,79.0,76.0,170.0,274.0,4345.8,,,,,,,,,,,,,,,,,,,2.723,0.0,3988.0,2.744,24.9,93,9.7,Steady State
16810764885,2025-12-22 20:44:11,Evening Run,Run,,1803,161.0,21.0,activities/17901971217.fit.gz,1803.0,3787.4,2.173,2.101,0.0,0.0,0.0,0.0,0.0,0.0,80.0,77.0,146.0,261.0,3787.4,,,,,,,,,,,,,,,,,,,2.101,0.0,4610.0,,,,,Steady State
16800335230,2025-12-21 17:25:37,Afternoon Workout,Workout,,2875,134.0,8.0,activities/17891415288.fit.gz,2875.0,0.0,0.0,0.0,0.0,0.0,0.0,0.0,0.0,0.0,,,111.0,206.0,,,,,,,,,,,,,,,,,,,,0.0,0.0,,,,,,Unknown
16775888155,2025-12-18 17:59:58,Afternoon Run,Run,,700,197.0,42.0,activities/17866581725.fit.gz,700.0,2509.8,5.5,3.585,0.0,0.0,18.5,20.3,0.9,0.0,83.0,78.0,185.0,139.0,2511.8,,,,,,,,,,,,,,,,,,,3.585,0.0,1802.0,3.588,27.7,75,12.9,Steady State
16775883363,2025-12-17 17:32:16,Afternoon Run,Run,,903,154.0,7.0,activities/17866576993.fit.gz,885.0,2008.9,5.033,2.27,8.8,11.9,11.0,20.1,22.2,-0.1,80.0,78.0,141.0,125.0,2040.8,,,,,,,,,,,,,,,,,,,2.225,0.0,2316.0,2.306,24.8,90,10.8,Steady State
16747163009,2025-12-15 17:51:03,Afternoon Run,Run,400 × 6,1185,185.0,22.0,activities/17837574045.fit.gz,650.0,2400.0,4.971,3.692,0.0,0.0,9.3,10.2,0.9,0.0,117.0,79.0,168.0,116.0,2399.5,,,,,,,,,,,,,,,,,,,2.025,0.0,1676.0,3.692,24.4,95,7.4,Interval
16747163011,2025-12-15 17:38:37,Afternoon Run,Run,Warmup,611,152.0,2.0,activities/17837574125.fit.gz,593.0,1317.4,3.485,2.222,3.1,10.0,10.2,18.0,3.5,-0.6,80.0,78.0,134.0,76.0,1303.4,,,,,,,,,,,,,,,,,,,2.156,0.0,1522.0,2.198,24.4,95,7.4,Steady State
16728954357,2025-12-13 17:39:06,Afternoon Run,Run,,2409,181.0,59.0,activities/17819096466.fit.gz,2247.0,6208.0,5.2,2.763,35.1,47.2,9.2,29.5,18.2,-0.2,82.0,78.0,162.0,374.0,6285.1,,,,,,,,,,,,,,,,,,,2.577,185.6,5786.0,2.797,27.0,82,8.0,Steady State
16699655691,2025-12-10 08:42:26,Morning Run,Run,300 × 8 hills,2293,189.0,15.0,activities/17789415334.fit.gz,654.0,2403.1,5.34,3.674,64.8,59.3,25.3,37.0,8.5,0.4,110.0,79.0,160.0,121.0,2693.6,,,,,,,,,,,,,,,,,,,1.048,5.7,1694.0,4.119,24.7,92,3.7,Interval
16699655685,2025-12-10 08:33:54,Morning Run,Run,Warmup,449,156.0,4.0,activities/17789415330.fit.gz,449.0,1003.5,2.686,2.235,11.5,11.8,25.3,38.0,7.7,0.0,80.0,77.0,144.0,61.0,1025.3,,,,,,,,,,,,,,,,,,,2.235,380.4,1148.0,2.284,24.7,92,3.7,Steady State
16690104670,2025-12-09 09:31:31,Morning Workout,Workout,,3892,142.0,11.0,activities/17779758155.fit.gz,3892.0,0.0,0.0,0.0,0.0,0.0,0.0,0.0,0.0,0.0,,,111.0,273.0,,,,,,,,,,,,,,,,,,,,0.0,0.0,,,,,,Unknown
16673243285,2025-12-07 17:41:03,Afternoon Run,Run,,1228,168.0,24.0,activities/17762632295.fit.gz,1200.0,2931.2,8.8,2.443,2.3,102.0,10.7,22.0,20.4,-0.2,80.0,77.0,156.0,185.0,2951.9,,,,,,,,,,,,,,,,,,,2.387,0.0,3060.0,2.46,29.5,63,11.9,Steady State
16664274086,2025-12-06 17:41:14,Afternoon Run,Run,Casual zone 5 run ,1558,205.0,88.0,activities/17753495193.fit.gz,1558.0,5004.1,4.41,3.212,0.0,197.0,11.7,12.4,0.9,0.0,81.0,76.0,185.0,309.0,5005.9,,,,,,,,,,,,,,,,,,,3.212,0.0,3950.0,3.213,27.5,76,15.1,Steady State
16644707578,2025-12-04 09:46:41,Morning Workout,Workout,,5047,148.0,14.0,activities/17733609459.fit.gz,5047.0,0.0,0.0,0.0,0.0,0.0,0.0,0.0,0.0,0.0,,,111.0,359.0,,,,,,,,,,,,,,,,,,,,0.0,0.0,,,,,,Unknown
16626433265,2025-12-02 17:15:58,Afternoon Run,Run,,1802,169.0,38.0,activities/17715108844.fit.gz,1741.0,4052.1,2.917,2.327,7.1,174.0,9.2,22.0,9.4,-0.2,84.0,76.0,157.0,278.0,4047.2,,,,,,,,,,,,,,,,,,,2.249,0.0,4542.0,2.325,25.6,83,4.2,Steady State
16608579649,2025-11-30 18:22:09,Evening Run,Run,,2764,176.0,66.0,activities/17696964524.fit.gz,2702.0,6008.5,3.042,2.224,15.3,141.0,9.2,18.4,3.7,0.0,89.0,77.0,160.0,403.0,6021.8,,,,,,,,,,,,,,,,,,,2.174,0.0,6872.0,2.229,28.3,74,6.9,Steady State
16589346513,2025-11-28 16:03:55,Afternoon Workout,Workout,Didnt know stopping for 2 weeks would be this bad,4316,143.0,11.0,activities/17677339785.fit.gz,4316.0,0.0,0.0,0.0,0.0,0.0,0.0,0.0,0.0,0.0,,,107.0,287.0,,,,,,,,,,,,,,,,,,,,0.0,0.0,,,,,,Unknown
16570180245,2025-11-26 17:09:15,Afternoon Run,Run,,2433,179.0,59.0,activities/17657843442.fit.gz,2401.0,5580.9,3.46,2.324,15.8,181.0,9.2,18.1,12.0,0.0,115.0,77.0,160.0,373.0,5596.6,,,,,,,,,,,,,,,,,,,2.294,0.0,6120.0,2.331,30.5,63,8.4,Steady State
16523896740,2025-11-21 18:00:40,Evening Run,Run,,1803,166.0,35.0,activities/17610888799.fit.gz,1802.0,4303.5,4.22,2.388,17.7,207.0,9.2,20.2,13.6,0.0,79.0,77.0,154.0,275.0,4332.4,,,,,,,,,,,,,,,,,,,2.387,0.0,4582.0,2.404,29.5,71,4.9,Steady State
16483081353,2025-11-17 17:58:42,Afternoon Run,Run,,1922,172.0,33.0,activities/17569752778.fit.gz,1800.0,4248.4,4.443,2.36,14.3,227.0,11.8,19.7,2.8,0.0,82.0,78.0,153.0,277.0,4259.7,,,,,,,,,,,,,,,,,,,2.21,0.0,4608.0,2.367,27.1,84,2.6,Steady State
16462952469,2025-11-15 17:43:36,Afternoon Run,Run,400 × 8,2040,198.0,37.0,activities/17549386206.fit.gz,800.0,3200.8,5.8,4.001,0.0,66.0,9.2,10.9,3.3,0.0,82.0,77.0,177.0,153.0,3201.7,,,,,,,,,,,,,,,,,,,1.569,0.0,2054.0,4.002,30.1,64,10.4,Interval
16462952509,2025-11-15 17:29:10,Afternoon Run,Run,Warmup,574,158.0,3.0,activities/17549386225.fit.gz,521.0,1279.4,3.333,2.456,3.2,33.0,10.3,17.2,5.0,-0.5,79.0,77.0,137.0,74.0,1267.9,,,,,,,,,,,,,,,,,,,2.229,0.0,1334.0,2.434,30.1,64,10.4,Steady State
16445863008,2025-11-13 21:20:10,Night Run,Run,,1900,159.0,16.0,activities/17532162406.fit.gz,1801.0,3885.6,3.19,2.157,13.1,214.0,13.0,19.7,2.8,-0.1,80.0,76.0,141.0,238.0,3883.2,,,,,,,,,,,,,,,,,,,2.045,0.0,4550.0,2.156,24.8,94,4.8,Steady State
16431352150,2025-11-12 08:57:25,Morning Workout,Workout,,5406,152.0,18.0,activities/17517558868.fit.gz,5406.0,0.0,0.0,0.0,0.0,0.0,0.0,0.0,0.0,0.0,,,117.0,430.0,,,,,,,,,,,,,,,,,,,,0.0,0.0,,,,,,Unknown
16393581987,2025-11-08 20:51:12,Evening Run,Run,,1830,148.0,10.0,activities/17479473902.fit.gz,1814.0,3827.7,4.1,2.11,13.0,217.0,13.0,19.7,2.5,-0.1,79.0,76.0,141.0,231.0,3826.2,,,,,,,,,,,,,,,,,,,2.092,0.0,4576.0,2.109,28.3,74,4.0,Steady State
16383607572,2025-11-06 08:58:02,Morning Workout,Workout,,4159,148.0,10.0,activities/17469404695.fit.gz,4159.0,0.0,0.0,0.0,0.0,0.0,0.0,0.0,0.0,0.0,,,106.0,282.0,,,,,,,,,,,,,,,,,,,,0.0,0.0,,,,,,Unknown
16363463625,2025-11-05 21:21:33,Night Run,Run,,2401,164.0,21.0,activities/17449138064.fit.gz,2333.0,4793.8,3.017,2.055,15.3,179.0,9.2,18.6,10.3,0.0,89.0,76.0,145.0,304.0,4812.5,,,,,,,,,,,,,,,,,,,1.997,0.0,6026.0,2.063,26.9,89,5.2,Steady State
16321485466,2025-11-01 21:11:44,Night Run,Run,Jialat,703,196.0,33.0,activities/17406583585.fit.gz,700.0,2406.2,5.48,3.437,6.5,114.0,13.1,19.6,2.4,-0.1,84.0,76.0,177.0,128.0,2402.0,,,,,,,,,,,,,,,,,,,3.423,0.0,1770.0,3.431,25.3,95,7.5,Steady State
16300676682,2025-10-30 17:38:54,Afternoon Run,Run,,2404,166.0,35.0,activities/17385535583.fit.gz,2351.0,5190.4,3.657,2.208,17.2,182.0,9.2,18.0,8.6,0.0,94.0,78.0,149.0,336.0,5210.9,,,,,,,,,,,,,,,,,,,2.159,0.0,6158.0,2.216,33.3,48,10.7,Steady State
16288221967,2025-10-29 09:04:01,Morning Workout,Workout,,4931,154.0,15.0,activities/17372963778.fit.gz,4931.0,0.0,0.0,0.0,0.0,0.0,0.0,0.0,0.0,0.0,,,114.0,371.0,,,,,,,,,,,,,,,,,,,,0.0,0.0,,,,,,Unknown
16250541642,2025-10-25 18:19:24,Evening Run,Run,400 × 6,1326,188.0,25.0,activities/17334871415.fit.gz,617.0,2403.2,5.38,3.895,0.0,32.0,9.2,10.8,1.9,0.0,84.0,79.0,174.0,116.0,2403.3,,,,,,,,,,,,,,,,,,,1.812,0.0,1598.0,3.895,28.1,71,4.8,Interval
16250541711,2025-10-25 18:04:57,Evening Run,Run,Warmup,784,155.0,4.0,activities/17334871414.fit.gz,748.0,1630.7,2.962,2.18,0.0,116.0,10.3,22.0,8.0,-0.7,94.0,78.0,138.0,102.0,1617.7,,,,,,,,,,,,,,,,,,,2.08,0.0,2024.0,2.163,28.1,71,4.8,Steady State
16228302615,2025-10-23 09:13:33,Morning Workout,Workout,,4151,138.0,9.0,activities/17312461389.fit.gz,4151.0,0.0,0.0,0.0,0.0,0.0,0.0,0.0,0.0,0.0,,,99.0,242.0,,,,,,,,,,,,,,,,,,,,0.0,0.0,,,,,,Unknown
16217463249,2025-10-22 08:44:41,Morning Run,Run,,1801,163.0,15.0,activities/17301555318.fit.gz,1800.0,3813.0,2.622,2.118,43.7,90.0,25.3,38.1,7.3,0.0,81.0,76.0,144.0,240.0,3883.8,,,,,,,,,,,,,,,,,,,2.117,1122.7,4530.0,2.158,25.3,88,8.4,Steady State
16175332598,2025-10-18 09:01:11,Morning Run,Run,,2102,162.0,27.0,activities/17259034053.fit.gz,2078.0,4622.9,2.9,2.225,15.4,127.0,9.2,18.6,9.0,0.0,96.0,77.0,148.0,294.0,4636.6,,,,,,,,,,,,,,,,,,,2.199,0.0,5376.0,2.231,27.1,84,5.4,Steady State
16144746868,2025-10-15 09:33:17,Morning Workout,Workout,,5523,150.0,15.0,activities/17228179899.fit.gz,5523.0,0.0,0.0,0.0,0.0,0.0,0.0,0.0,0.0,0.0,,,110.0,378.0,,,,,,,,,,,,,,,,,,,,0.0,0.0,,,,,,Unknown
16136052252,2025-10-14 18:10:18,Evening Run,Run,,2124,161.0,18.0,activities/17219430338.fit.gz,2100.0,4736.5,4.111,2.255,19.9,162.0,9.2,19.5,6.5,-0.1,88.0,78.0,145.0,296.0,4755.1,,,,,,,,,,,,,,,,,,,2.23,0.0,5384.0,2.264,27.3,83,4.1,Steady State
16101745371,2025-10-11 12:28:10,Lunch Workout,Workout,,5239,154.0,15.0,activities/17184680174.fit.gz,5239.0,0.0,0.0,0.0,0.0,0.0,0.0,0.0,0.0,0.0,,,113.0,397.0,,,,,,,,,,,,,,,,,,,,0.0,0.0,,,,,,Unknown
16093881282,2025-10-10 17:38:46,Afternoon Run,Run,,2194,171.0,39.0,activities/17176741932.fit.gz,2100.0,4960.4,4.04,2.362,13.0,153.0,9.2,17.9,7.5,-0.1,100.0,78.0,155.0,325.0,4962.6,,,,,,,,,,,,,,,,,,,2.261,0.0,5444.0,2.363,30.7,58,8.1,Steady State
16070321439,2025-10-08 09:26:57,Morning Workout,Workout,,5502,137.0,14.0,activities/17152946381.fit.gz,5502.0,0.0,0.0,0.0,0.0,0.0,0.0,0.0,0.0,0.0,,,107.0,361.0,,,,,,,,,,,,,,,,,,,,0.0,0.0,,,,,,Unknown
16061243592,2025-10-07 18:08:35,Evening Run,Run,,1863,169.0,35.0,activities/17143797418.fit.gz,1801.0,4491.7,3.617,2.494,11.9,111.0,9.2,16.4,3.2,0.0,86.0,78.0,156.0,289.0,4500.3,,,,,,,,,,,,,,,,,,,2.411,0.0,4640.0,2.499,29.1,69,6.1,Steady State
16037908457,2025-10-05 15:13:39,Afternoon Workout,Workout,,3879,138.0,9.0,activities/17120179929.fit.gz,3879.0,0.0,0.0,0.0,0.0,0.0,0.0,0.0,0.0,0.0,,,102.0,239.0,,,,,,,,,,,,,,,,,,,,0.0,0.0,,,,,,Unknown
16028699425,2025-10-04 17:27:51,Afternoon Run,Run,,4591,174.0,96.0,activities/17110824103.fit.gz,4426.0,9996.1,3.475,2.258,20.8,276.0,10.3,18.8,3.2,0.0,81.0,78.0,158.0,639.0,10005.7,,,,,,,,,,,,,,,,,,,2.177,1188.7,11404.0,2.261,31.0,56,6.8,Steady State
16005330603,2025-10-02 09:37:20,Morning Workout,Workout,,3952,143.0,9.0,activities/17087126115.fit.gz,3952.0,0.0,0.0,0.0,0.0,0.0,0.0,0.0,0.0,0.0,,,102.0,239.0,,,,,,,,,,,,,,,,,,,,0.0,0.0,,,,,,Unknown
15998662807,2025-10-01 21:34:04,Night Run,Run,Jialat,728,191.0,23.0,activities/17080389137.fit.gz,728.0,2402.5,5.129,3.3,6.5,76.0,13.0,19.7,2.6,-0.2,82.0,76.0,167.0,131.0,2396.9,,,,,,,,,,,,,,,,,,,3.3,0.0,1838.0,3.292,24.6,94,5.0,Steady State
15962652015,2025-09-28 16:23:31,Afternoon Workout,Workout,,5773,147.0,16.0,activities/17043818642.fit.gz,5773.0,0.0,0.0,0.0,0.0,0.0,0.0,0.0,0.0,0.0,,,110.0,394.0,,,,,,,,,,,,,,,,,,,,0.0,0.0,,,,,,Unknown
15938375554,2025-09-26 09:52:09,Morning Run,Run,,1801,171.0,37.0,activities/17018932400.fit.gz,1774.0,4196.4,5.04,2.366,43.6,203.0,11.3,22.0,9.5,-0.1,81.0,77.0,156.0,272.0,4298.9,,,,,,,,,,,,,,,,,,,2.33,0.0,4600.0,2.423,28.8,81,2.7,Steady State
15930202456,2025-09-25 17:58:19,Afternoon Run,Run,,1204,159.0,6.0,activities/17010607259.fit.gz,1204.0,2729.0,3.1,2.267,12.9,121.0,12.3,19.5,5.3,-0.2,80.0,77.0,137.0,163.0,2733.8,,,,,,,,,,,,,,,,,,,2.267,0.0,3080.0,2.271,31.2,61,3.7,Steady State
15916664899,2025-09-24 08:50:09,Morning Workout,Workout,,4557,137.0,8.0,activities/16996690986.fit.gz,4557.0,0.0,0.0,0.0,0.0,0.0,0.0,0.0,0.0,0.0,,,91.0,218.0,,,,,,,,,,,,,,,,,,,,0.0,0.0,,,,,,Unknown
15905304439,2025-09-23 08:47:42,Morning Walk,Walk,,10818,116.0,16.0,activities/16985085075.fit.gz,7905.0,7454.1,10.367,0.943,77.5,518.0,15.1,40.8,30.0,-0.1,79.0,50.0,96.0,529.0,,,,,,,,,,,,,,,,,,,,0.689,4418.4,11642.0,,,,,Unknown
15883303150,2025-09-21 09:31:56,Morning Workout,Workout,,5442,152.0,14.0,activities/16962499835.fit.gz,5442.0,0.0,0.0,0.0,0.0,0.0,0.0,0.0,0.0,0.0,,,107.0,357.0,,,,,,,,,,,,,,,,,,,,0.0,0.0,,,,,,Unknown
15874297067,2025-09-20 17:34:52,Afternoon Run,Run,25 by eoy?,1587,202.0,73.0,activities/16953227877.fit.gz,1587.0,5006.5,5.04,3.155,0.0,116.0,11.7,12.4,0.9,0.0,81.0,77.0,178.0,301.0,5009.0,,,,,,,,,,,,,,,,,,,3.155,0.0,4040.0,3.156,30.9,60,5.1,Steady State
15852532402,2025-09-18 18:07:40,Evening Run,Run,,2173,170.0,41.0,activities/16930901830.fit.gz,2101.0,4933.8,4.1,2.348,15.5,162.0,9.2,17.6,7.9,-0.1,95.0,78.0,155.0,317.0,4942.6,,,,,,,,,,,,,,,,,,,2.271,0.0,5420.0,2.352,28.7,78,8.3,Steady State
15838195793,2025-09-17 09:29:40,Morning Workout,Workout,,5309,145.0,15.0,activities/16916173575.fit.gz,5309.0,0.0,0.0,0.0,0.0,0.0,0.0,0.0,0.0,0.0,,,111.0,381.0,,,,,,,,,,,,,,,,,,,,0.0,0.0,,,,,,Unknown
15828946476,2025-09-16 18:05:26,Evening Run,Run,,1845,176.0,44.0,activities/16906720015.fit.gz,1801.0,4343.3,3.64,2.412,14.0,112.0,9.2,20.6,6.2,-0.1,80.0,76.0,161.0,285.0,4351.8,,,,,,,,,,,,,,,,,,,2.354,0.0,4576.0,2.416,28.9,72,6.9,Steady State
15803449360,2025-09-14 08:44:56,Morning Workout,Workout,,5409,142.0,14.0,activities/16880121498.fit.gz,5409.0,0.0,0.0,0.0,0.0,0.0,0.0,0.0,0.0,0.0,,,107.0,357.0,,,,,,,,,,,,,,,,,,,,0.0,0.0,,,,,,Unknown
15795541390,2025-09-13 17:53:05,Afternoon Run,Run,,2229,167.0,33.0,activities/16871830378.fit.gz,2177.0,4904.9,3.186,2.253,14.5,147.0,9.2,18.7,6.5,0.0,96.0,77.0,151.0,317.0,4922.4,,,,,,,,,,,,,,,,,,,2.2,0.0,5566.0,2.261,29.0,64,7.5,Steady State
15770714915,2025-09-11 09:23:36,Morning Run,Run,400 × 6,1695,189.0,22.0,activities/16845508279.fit.gz,597.0,2406.9,5.16,4.032,6.8,40.0,9.4,16.5,15.5,0.2,106.0,78.0,171.0,112.0,2419.9,,,,,,,,,,,,,,,,,,,1.42,0.0,1572.0,4.053,26.8,86,1.7,Interval
15770714895,2025-09-11 09:08:47,Morning Run,Run,,732,160.0,6.0,activities/16845508306.fit.gz,732.0,1628.0,2.963,2.224,3.3,74.0,11.0,18.7,5.1,-0.4,102.0,77.0,143.0,100.0,1615.9,,,,,,,,,,,,,,,,,,,2.224,0.0,1868.0,2.208,26.8,86,1.7,Steady State
15759255758,2025-09-10 08:41:28,Morning Workout,Workout,,5405,147.0,15.0,activities/16833412149.fit.gz,5405.0,0.0,0.0,0.0,0.0,0.0,0.0,0.0,0.0,0.0,,,111.0,383.0,,,,,,,,,,,,,,,,,,,,0.0,0.0,,,,,,Unknown
15758810263,2025-09-08 20:28:55,Evening Run,Run,,1206,152.0,9.0,activities/16832938982.fit.gz,1202.0,2615.0,4.083,2.176,11.3,141.0,12.5,19.8,9.4,-0.1,81.0,77.0,144.0,169.0,2630.0,,,,,,,,,,,,,,,,,,,2.168,284.8,3060.0,2.188,25.9,91,2.9,Steady State
15715933882,2025-09-06 18:53:28,Evening Run,Run,Testing interval routes,1174,174.0,6.0,activities/16787623276.fit.gz,381.0,1605.8,8.68,4.215,15.5,89.0,12.5,20.0,42.1,0.0,86.0,80.0,155.0,62.0,1652.9,,,,,,,,,,,,,,,,,,,1.368,0.0,1002.0,4.338,28.4,76,8.6,Interval
15690268156,2025-09-04 09:52:24,Morning Workout,Workout,,5351,144.0,13.0,activities/16760144903.fit.gz,5351.0,0.0,0.0,0.0,0.0,0.0,0.0,0.0,0.0,0.0,,,103.0,328.0,,,,,,,,,,,,,,,,,,,,0.0,0.0,,,,,,Unknown
15667282205,2025-09-02 13:14:07,Afternoon Run,Run,,5300,169.0,96.0,activities/16734752781.fit.gz,5196.0,11004.1,3.8,2.118,28.1,215.0,9.4,18.8,3.7,0.0,81.0,78.0,154.0,696.0,11019.0,,,,,,,,,,,,,,,,,,,2.076,1376.4,13440.0,2.121,27.0,82,10.0,Steady State
15632310488,2025-08-30 09:02:50,Morning Workout,Workout,,5362,149.0,15.0,activities/16696265804.fit.gz,5362.0,0.0,0.0,0.0,0.0,0.0,0.0,0.0,0.0,0.0,,,113.0,387.0,,,,,,,,,,,,,,,,,,,,0.0,0.0,,,,,,Unknown
15614104120,2025-08-28 17:33:28,Afternoon Run,Run,,2508,162.0,28.0,activities/16676632900.fit.gz,2404.0,5633.0,3.15,2.343,8.6,131.0,8.8,18.4,4.4,-0.1,80.0,77.0,147.0,346.0,5639.2,,,,,,,,,,,,,,,,,,,2.246,362.6,6160.0,2.346,30.5,65,7.4,Steady State
15599979570,2025-08-27 09:09:26,Morning Workout,Workout,,5306,141.0,14.0,activities/16661496398.fit.gz,5306.0,0.0,0.0,0.0,0.0,0.0,0.0,0.0,0.0,0.0,,,108.0,357.0,,,,,,,,,,,,,,,,,,,,0.0,0.0,,,,,,Unknown
15580319752,2025-08-25 19:17:40,Evening Run,Run,Xc 500 × 10 ,2486,197.0,71.0,activities/16640550634.fit.gz,1318.0,4842.5,4.5,3.674,158.8,57.0,11.1,32.3,21.5,-0.1,101.0,76.0,183.0,264.0,5746.9,,,,,,,,,,,,,,,,,,,1.948,0.0,3254.0,4.36,28.3,77,10.7,Interval
15544767811,2025-08-22 17:12:45,Afternoon Run,Run,,2181,175.0,44.0,activities/16601361079.fit.gz,2100.0,4825.2,3.614,2.298,10.3,131.0,9.4,18.8,8.7,-0.1,90.0,78.0,157.0,323.0,4827.7,,,,,,,,,,,,,,,,,,,2.212,0.0,5386.0,2.299,31.8,54,8.3,Steady State
15531609850,2025-08-21 10:00:08,Morning Workout,Workout,,5424,140.0,14.0,activities/16586665903.fit.gz,5424.0,0.0,0.0,0.0,0.0,0.0,0.0,0.0,0.0,0.0,,,107.0,358.0,,,,,,,,,,,,,,,,,,,,0.0,0.0,,,,,,Unknown
15500070623,2025-08-18 19:19:12,Evening Run,Run,Xc 400 × 10,1997,194.0,49.0,activities/16553161740.fit.gz,1066.0,4237.5,5.06,3.975,122.8,41.0,8.0,30.8,47.1,-0.2,86.0,78.0,177.0,202.0,4972.8,,,,,,,,,,,,,,,,,,,2.122,0.0,2804.0,4.665,27.6,79,5.8,Interval
15463903430,2025-08-15 10:20:27,Morning Workout,Workout,,5542,152.0,15.0,activities/16514381835.fit.gz,5542.0,0.0,0.0,0.0,0.0,0.0,0.0,0.0,0.0,0.0,,,108.0,377.0,,,,,,,,,,,,,,,,,,,,0.0,0.0,,,,,,Unknown
15454101944,2025-08-14 17:03:26,Afternoon Run,Run,,2484,167.0,47.0,activities/16503925076.fit.gz,2400.0,5521.7,3.029,2.301,19.2,175.0,9.4,19.7,6.8,0.0,104.0,78.0,155.0,358.0,5543.7,,,,,,,,,,,,,,,,,,,2.223,0.0,6232.0,2.31,29.9,65,9.5,Steady State
15430668143,2025-08-12 17:11:57,Afternoon Run,Run,,1205,161.0,15.0,activities/16478912986.fit.gz,1205.0,2724.5,3.343,2.261,21.0,140.0,13.0,25.2,5.1,0.2,80.0,78.0,149.0,175.0,2766.3,,,,,,,,,,,,,,,,,,,2.261,0.0,3104.0,2.296,31.0,58,7.1,Steady State
15428039534,2025-08-11 14:19:41,Afternoon Workout,Workout,,5380,150.0,15.0,activities/16476057277.fit.gz,5380.0,0.0,0.0,0.0,0.0,0.0,0.0,0.0,0.0,0.0,,,114.0,389.0,,,,,,,,,,,,,,,,,,,,0.0,0.0,,,,,,Unknown
15409012198,2025-08-10 17:43:45,Afternoon Run,Run,Kena blocked every 30 seconds,1660,201.0,88.0,activities/16455716807.fit.gz,1660.0,5053.0,4.037,3.044,0.0,150.0,11.7,12.4,1.0,0.0,79.0,75.0,183.0,320.0,5055.6,,,,,,,,,,,,,,,,,,,3.044,0.0,4160.0,3.046,28.6,73,4.5,Steady State
15393415150,2025-08-08 19:25:33,Evening Walk,Walk,,2608,107.0,4.0,activities/16438999280.fit.gz,2356.0,2774.2,6.32,1.178,36.1,386.0,11.5,22.3,29.7,0.0,56.0,49.0,93.0,147.0,,,,,,,,,,,,,,,,,,,,1.064,327.3,3882.0,,,,,Unknown
15383313092,2025-08-08 09:41:17,Morning Run,Run,,2118,182.0,64.0,activities/16428193369.fit.gz,2104.0,4890.0,4.0,2.324,14.2,131.0,9.4,20.2,13.4,0.0,89.0,78.0,167.0,344.0,4911.3,,,,,,,,,,,,,,,,,,,2.309,0.0,5414.0,2.334,27.1,93,0.8,Steady State
15374276568,2025-08-07 16:45:37,Afternoon Workout,Workout,,3340,139.0,8.0,activities/16418629485.fit.gz,3340.0,0.0,0.0,0.0,0.0,0.0,0.0,0.0,0.0,0.0,,,105.0,220.0,,,,,,,,,,,,,,,,,,,,0.0,0.0,,,,,,Unknown
15361833493,2025-08-05 19:23:27,Evening Walk,Walk,,3351,111.0,6.0,activities/16405357715.fit.gz,3078.0,5178.5,10.44,1.682,69.8,1509.0,8.4,23.0,23.3,-0.1,56.0,50.0,96.0,188.0,,,,,,,,,,,,,,,,,,,,1.545,0.0,5264.0,,,,,Unknown
15347461375,2025-08-05 09:09:25,Morning Run,Run,,2212,166.0,34.0,activities/16389983189.fit.gz,2100.0,4621.1,7.96,2.201,15.0,149.0,9.4,21.5,12.0,0.0,82.0,79.0,152.0,311.0,4650.4,,,,,,,,,,,,,,,,,,,2.089,0.0,5450.0,2.214,23.8,98,1.1,Steady State
15338379404,2025-08-04 14:46:44,Afternoon Workout,Workout,,5022,140.0,13.0,activities/16380338547.fit.gz,5022.0,0.0,0.0,0.0,0.0,0.0,0.0,0.0,0.0,0.0,,,108.0,338.0,,,,,,,,,,,,,,,,,,,,0.0,0.0,,,,,,Unknown
15325446086,2025-08-03 09:38:09,Morning Run,Run,~280 × 8,1639,179.0,9.0,activities/16366387553.fit.gz,577.0,2168.0,5.42,3.757,33.4,201.0,9.3,19.8,12.8,-0.1,86.0,80.0,153.0,92.0,2312.8,,,,,,,,,,,,,,,,,,,1.323,0.0,1488.0,4.008,25.6,94,3.6,Interval
15304024091,2025-08-01 09:42:23,Morning Run,Run,Laze,1206,171.0,22.0,activities/16343401301.fit.gz,1206.0,2881.5,3.0,2.389,22.2,75.0,24.0,37.8,7.1,-0.4,79.0,77.0,155.0,189.0,2894.6,,,,,,,,,,,,,,,,,,,2.389,1134.9,3080.0,2.4,28.7,84,4.3,Steady State
15294385892,2025-07-31 13:36:26,Afternoon Workout,Workout,,4978,152.0,15.0,activities/16333169658.fit.gz,4978.0,0.0,0.0,0.0,0.0,0.0,0.0,0.0,0.0,0.0,,,116.0,400.0,,,,,,,,,,,,,,,,,,,,0.0,0.0,,,,,,Unknown
15272735339,2025-07-29 18:02:50,Evening Run,Run,,2197,168.0,39.0,activities/16310104456.fit.gz,2103.0,4691.6,3.079,2.23,13.8,195.0,9.4,18.0,8.1,-0.1,104.0,77.0,154.0,313.0,4695.5,,,,,,,,,,,,,,,,,,,2.135,0.0,5388.0,2.233,30.9,65,11.0,Steady State
15259520630,2025-07-28 09:52:37,Morning Workout,Workout,,5321,148.0,13.0,activities/16295938352.fit.gz,5321.0,0.0,0.0,0.0,0.0,0.0,0.0,0.0,0.0,0.0,,,107.0,352.0,,,,,,,,,,,,,,,,,,,,0.0,0.0,,,,,,Unknown
15248089360,2025-07-27 09:50:09,Morning Run,Run,,1849,174.0,40.0,activities/16283731991.fit.gz,1802.0,4180.0,3.891,2.32,19.9,147.0,9.4,25.4,22.3,0.0,79.0,77.0,158.0,273.0,4221.3,,,,,,,,,,,,,,,,,,,2.261,0.0,4612.0,2.343,27.8,84,2.4,Steady State
15240744624,2025-07-25 10:25:08,Morning Workout,Workout,,4473,145.0,12.0,activities/16275862349.fit.gz,4473.0,0.0,0.0,0.0,0.0,0.0,0.0,0.0,0.0,0.0,,,109.0,316.0,,,,,,,,,,,,,,,,,,,,0.0,0.0,,,,,,Unknown
15219642425,2025-07-24 18:12:58,Evening Run,Run,,1673,199.0,90.0,activities/16253234714.fit.gz,1673.0,5004.6,3.434,2.991,3.4,164.0,11.7,15.3,3.0,0.0,80.0,75.0,183.0,324.0,5010.4,,,,,,,,,,,,,,,,,,,2.991,0.0,4200.0,2.995,30.3,68,8.6,Steady State
15196161360,2025-07-22 18:14:23,Evening Run,Run,"350 × 4 hills
Fried after lap 2",1080,193.0,16.0,activities/16228153733.fit.gz,351.0,1408.5,4.936,4.006,38.5,14.0,25.2,37.4,11.5,0.9,85.0,75.0,177.0,68.0,1590.0,,,,,,,,,,,,,,,,,,,1.304,0.0,908.0,4.53,28.3,75,7.1,Interval
15183985333,2025-07-21 14:58:10,Afternoon Workout,Workout,,3501,126.0,8.0,activities/16214875146.fit.gz,3501.0,0.0,0.0,0.0,0.0,0.0,0.0,0.0,0.0,0.0,,,104.0,228.0,,,,,,,,,,,,,,,,,,,,0.0,0.0,,,,,,Unknown
15175102355,2025-07-20 18:14:47,Evening Run,Run,,1801,172.0,36.0,activities/16205061066.fit.gz,1801.0,3886.4,3.32,2.158,45.7,105.0,25.3,37.8,6.3,0.1,80.0,73.0,156.0,266.0,3954.7,,,,,,,,,,,,,,,,,,,2.158,1236.5,4344.0,2.196,30.1,64,9.6,Steady State
15161043124,2025-07-19 10:30:10,Morning Workout,Workout,,2942,143.0,8.0,activities/16189588197.fit.gz,2942.0,0.0,0.0,0.0,0.0,0.0,0.0,0.0,0.0,0.0,,,114.0,233.0,,,,,,,,,,,,,,,,,,,,0.0,0.0,,,,,,Unknown
15153045680,2025-07-18 17:09:04,Afternoon Run,Run,,1804,165.0,24.0,activities/16180814076.fit.gz,1804.0,3593.7,2.767,1.992,53.9,119.0,25.3,37.8,8.4,0.1,79.0,70.0,150.0,256.0,3675.4,1752829184.0,1.0,32.0,33.5,22.7,0.58,1005.6,3.1,6.4,206.0,0.0,1752793472.0,1752837376.0,0.75,0.52,0.35,28456.0,3.0,1.992,117.5,4194.0,2.037,32.3,54,9.6,Steady State
15095649148,2025-07-13 08:13:25,Morning Run,Run,,12206,195.0,404.0,activities/16117945498.fit.gz,12006.0,21004.3,4.54,1.749,285.3,2532.0,-2.2,11.0,37.5,0.0,115.0,70.0,175.0,1858.0,21824.2,1752364800.0,5.0,29.5,31.4,25.9,0.81,1006.8,1.1,2.8,138.0,0.4,1752356992.0,1752405376.0,0.625,0.75,0.99,17922.0,2.0,1.721,0.0,27514.0,1.818,27.8,91,4.1,Steady State
15086334776,2025-07-12 15:11:01,Afternoon Workout,Workout,,4628,155.0,13.0,activities/16107720917.fit.gz,4628.0,0.0,0.0,0.0,0.0,0.0,0.0,0.0,0.0,0.0,,,118.0,390.0,,,,,,,,,,,,,,,,,,,,0.0,0.0,,,,,,Unknown
14989734720,2025-06-29 16:54:30,Afternoon Workout,Workout,,3490,141.0,8.0,activities/16001383848.fit.gz,3490.0,0.0,0.0,0.0,0.0,0.0,0.0,0.0,0.0,0.0,,,108.0,246.0,,,,,,,,,,,,,,,,,,,,0.0,0.0,,,,,,Unknown
14941371656,2025-06-28 19:26:58,Evening Walk,Walk,,2455,120.0,5.0,activities/15948260812.fit.gz,2375.0,2508.9,1.56,1.056,31.0,141.0,17.4,37.7,13.7,0.0,77.0,51.0,105.0,150.0,,1751108352.0,3.0,28.2,29.2,24.0,0.78,1008.6,3.0,6.3,191.0,1.3,1751065344.0,1751109248.0,0.125,0.52,0.99,18523.0,0.0,1.022,782.2,4060.0,,,,,Unknown
14931138715,2025-06-27 19:01:26,Evening Run,Run,,1081,197.0,33.0,activities/15937009806.fit.gz,1081.0,3012.0,3.567,2.786,0.0,99.0,12.0,12.8,0.8,0.0,82.0,75.0,171.0,193.0,3012.8,1751021952.0,3.0,29.8,31.1,24.3,0.72,1008.0,2.5,5.2,156.0,0.0,1750978944.0,1751022848.0,0.125,0.52,0.73,27576.0,0.0,2.786,0.0,2692.0,2.787,29.1,79,3.4,Steady State
14889294745,2025-06-23 17:53:53,Afternoon Run,Run,,1743,163.0,12.0,activities/15891655555.fit.gz,1506.0,2932.1,2.63,1.947,43.8,55.0,18.3,37.7,14.9,0.6,79.0,70.0,143.0,192.0,3062.5,1750669184.0,3.0,30.8,31.3,23.7,0.66,1006.8,2.7,4.5,209.0,0.0,1750633216.0,1750677248.0,0.875,0.38,0.99,28943.0,2.0,1.682,1211.6,3500.0,2.034,31.4,60,7.1,Steady State
14858833411,2025-06-20 18:29:04,Evening Run,Run,400 × 6,1338,208.0,28.0,activities/15858462155.fit.gz,613.0,2560.9,6.5,4.178,32.1,46.0,13.6,20.6,5.0,0.1,91.0,75.0,183.0,123.0,2608.7,1750413568.0,3.0,29.8,30.8,24.0,0.71,1009.0,2.2,3.2,239.0,0.3,1750374016.0,1750417920.0,0.875,0.63,1.0,26174.0,1.0,1.914,0.0,1512.0,4.256,28.6,74,7.4,Interval
14847220834,2025-06-19 15:19:40,Afternoon Workout,Workout,,6454,146.0,16.0,activities/15845874706.fit.gz,6454.0,0.0,0.0,0.0,0.0,0.0,0.0,0.0,0.0,0.0,,,110.0,445.0,,,,,,,,,,,,,,,,,,,,0.0,0.0,,,,,,Unknown
14838154733,2025-06-18 19:35:11,Evening Walk,Walk,,1886,113.0,4.0,activities/15836058385.fit.gz,1886.0,3282.0,11.964,1.74,42.1,1426.0,9.8,22.1,26.0,0.0,56.0,52.0,103.0,147.0,,,,,,,,,,,,,,,,,,,,1.74,0.0,3242.0,,,,,Unknown
14834594786,2025-06-18 09:58:12,Morning Run,Run,,2412,165.0,22.0,activities/15832169020.fit.gz,2383.0,4720.4,4.94,1.981,58.2,173.0,13.7,37.7,16.7,-0.1,110.0,68.0,147.0,320.0,4863.1,,,,,,,,,,,,,,,,,,,1.957,1490.0,5418.0,2.041,24.5,95,4.5,Steady State
14816706757,2025-06-16 19:56:47,Evening Walk,Walk,,3089,113.0,6.0,activities/15812975985.fit.gz,2918.0,4697.9,13.21,1.61,64.6,1430.0,9.7,24.1,48.7,0.0,61.0,51.0,100.0,209.0,,,,,,,,,,,,,,,,,,,,1.521,191.6,5056.0,,,,,Unknown
14816706573,2025-06-15 13:56:35,Afternoon Workout,Workout,,2767,142.0,5.0,activities/15812975797.fit.gz,2767.0,0.0,0.0,0.0,0.0,0.0,0.0,0.0,0.0,0.0,,,99.0,169.0,,,,,,,,,,,,,,,,,,,,0.0,0.0,,,,,,Unknown
14816706576,2025-06-14 12:32:57,Lunch Workout,Workout,,3510,114.0,5.0,activities/15812975809.fit.gz,3510.0,0.0,0.0,0.0,0.0,0.0,0.0,0.0,0.0,0.0,,,87.0,152.0,,,,,,,,,,,,,,,,,,,,0.0,0.0,,,,,,Unknown
14816702273,2025-06-13 09:20:40,Morning Walk,Walk,,1551,134.0,3.0,activities/15812971144.fit.gz,1426.0,1768.0,2.95,1.24,31.6,49.0,20.8,38.9,19.1,0.9,59.0,53.0,109.0,108.0,,,,,,,,,,,,,,,,,,,,1.14,0.0,2458.0,,,,,Unknown
14774416510,2025-06-12 16:23:52,Afternoon Run,Run,,1503,159.0,21.0,activities/15767115387.fit.gz,1503.0,2840.0,3.183,1.89,21.8,75.0,25.9,38.0,6.1,0.0,79.0,72.0,141.0,190.0,2875.0,,,,,,,,,,,,,,,,,,,1.89,1465.9,3606.0,1.913,32.1,62,10.3,Steady State
14774413255,2025-06-11 19:25:51,Evening Walk,Walk,,1443,105.0,3.0,activities/15767111851.fit.gz,1443.0,1892.0,1.4,1.311,0.0,0.0,0.0,0.0,0.0,0.0,60.0,55.0,93.0,120.0,,,,,,,,,,,,,,,,,,,,1.311,0.0,2666.0,,,,,Unknown
14719564289,2025-06-05 15:26:39,Afternoon Workout,Workout,,2829,146.0,10.0,activities/15707845388.fit.gz,2829.0,0.0,0.0,0.0,0.0,0.0,0.0,0.0,0.0,0.0,,,116.0,239.0,,,,,,,,,,,,,,,,,,,,0.0,0.0,,,,,,Unknown
14693573871,2025-06-04 20:09:14,Base,Run,,1503,161.0,25.0,activities/15679861233.fit.gz,1503.0,2916.7,3.32,1.941,18.9,124.0,7.1,23.7,6.0,-0.1,79.0,75.0,144.0,194.0,2939.7,,,,,,,,,,,,,,,,,,,1.941,173.5,3758.0,1.956,27.7,87,1.1,Steady State
14693573881,2025-06-04 13:51:55,Afternoon Workout,Workout,,3621,141.0,10.0,activities/15679861188.fit.gz,3621.0,0.0,0.0,0.0,0.0,0.0,0.0,0.0,0.0,0.0,,,104.0,234.0,,,,,,,,,,,,,,,,,,,,0.0,0.0,,,,,,Unknown
14693573874,2025-06-04 09:26:55,Morning Walk,Walk,,1635,140.0,5.0,activities/15679861195.fit.gz,1484.0,1810.5,1.877,1.22,32.9,55.0,19.8,38.9,10.3,1.0,108.0,53.0,121.0,123.0,,,,,,,,,,,,,,,,,,,,1.107,0.0,2570.0,,,,,Unknown
14682911816,2025-06-03 20:33:22,Night run,Run,+5 pull ups per lap,1553,163.0,29.0,activities/15668436045.fit.gz,1465.0,2625.0,2.517,1.792,0.0,84.0,35.4,37.7,4.6,0.0,79.0,74.0,148.0,223.0,2642.5,,,,,,,,,,,,,,,,,,,1.69,2625.0,3664.0,1.804,28.6,79,2.4,Steady State
14662214578,2025-06-01 16:12:26,Afternoon Workout,Workout,,3947,134.0,10.0,activities/15646146394.fit.gz,3947.0,0.0,0.0,0.0,0.0,0.0,0.0,0.0,0.0,0.0,,,102.0,254.0,,,,,,,,,,,,,,,,,,,,0.0,0.0,,,,,,Unknown
14662208069,2025-05-31 16:20:35,Afternoon Workout,Workout,,3432,133.0,9.0,activities/15646139419.fit.gz,3432.0,0.0,0.0,0.0,0.0,0.0,0.0,0.0,0.0,0.0,,,103.0,222.0,,,,,,,,,,,,,,,,,,,,0.0,0.0,,,,,,Unknown
14640255223,2025-05-30 17:56:17,老了,Run,,967,197.0,55.0,activities/15622512151.fit.gz,967.0,3010.6,5.114,3.113,13.8,147.0,8.1,16.0,4.9,0.0,81.0,74.0,178.0,184.0,3029.9,,,,,,,,,,,,,,,,,,,3.113,0.0,2398.0,3.133,29.1,76,4.9,Steady State
14640255234,2025-05-30 09:36:29,Morning Walk,Walk,,1642,129.0,4.0,activities/15622512214.fit.gz,1441.0,1802.3,2.583,1.251,33.0,65.0,19.5,38.9,12.0,1.0,75.0,53.0,113.0,108.0,,,,,,,,,,,,,,,,,,,,1.098,0.0,2504.0,,,,,Unknown
14629579523,2025-05-29 17:48:15,Afternoon Run,Run,,1501,164.0,29.0,activities/15611046154.fit.gz,1429.0,2715.9,2.68,1.901,22.1,77.0,13.0,37.7,7.5,-0.9,120.0,76.0,148.0,214.0,2728.8,,,,,,,,,,,,,,,,,,,1.809,813.1,3708.0,1.91,28.6,66,3.6,Steady State
14619795998,2025-05-27 13:32:15,Afternoon Workout,Workout,,3198,131.0,8.0,activities/15600560290.fit.gz,3198.0,0.0,0.0,0.0,0.0,0.0,0.0,0.0,0.0,0.0,,,101.0,199.0,,,,,,,,,,,,,,,,,,,,0.0,0.0,,,,,,Unknown
14588715573,2025-05-24 21:12:28,Night Workout,Workout,,2733,135.0,8.0,activities/15567095782.fit.gz,2733.0,0.0,0.0,0.0,0.0,0.0,0.0,0.0,0.0,0.0,,,112.0,214.0,,,,,,,,,,,,,,,,,,,,0.0,0.0,,,,,,Unknown
14588714708,2025-05-21 16:22:12,Afternoon Workout,Workout,,5248,136.0,14.0,activities/15567095122.fit.gz,5248.0,0.0,0.0,0.0,0.0,0.0,0.0,0.0,0.0,0.0,,,105.0,341.0,,,,,,,,,,,,,,,,,,,,0.0,0.0,,,,,,Unknown
14588707624,2025-05-21 09:18:42,Morning Walk,Walk,,1487,140.0,5.0,activities/15567087716.fit.gz,1325.0,1774.6,3.15,1.339,32.1,67.0,19.9,38.9,13.2,1.0,65.0,54.0,121.0,108.0,,,,,,,,,,,,,,,,,,,,1.193,0.0,2358.0,,,,,Unknown
14539006493,2025-05-20 19:11:57,Evening Walk,Walk,,3562,109.0,8.0,activities/15513669146.fit.gz,3562.0,5347.0,13.544,1.501,84.5,1345.0,5.4,25.5,32.4,-0.1,56.0,50.0,96.0,261.0,,,,,,,,,,,,,,,,,,,,1.501,0.0,5842.0,,,,,Unknown
14535045505,2025-05-20 09:02:34,Morning Run,Run,,2711,168.0,60.0,activities/15509396031.fit.gz,2642.0,5144.4,4.063,1.947,26.8,160.0,9.6,37.4,14.4,0.4,81.0,72.0,151.0,368.0,5241.6,,,,,,,,,,,,,,,,,,,1.898,360.0,6278.0,1.984,28.8,84,5.0,Steady State
14527392073,2025-05-19 18:05:24,Evening Walk,Walk,,2713,110.0,4.0,activities/15501368524.fit.gz,1871.0,2908.8,11.387,1.555,41.3,599.0,9.8,20.4,23.5,0.0,58.0,53.0,97.0,128.0,,,,,,,,,,,,,,,,,,,,1.072,0.0,3204.0,,,,,Unknown
14524099276,2025-05-18 19:08:54,Evening Walk,Walk,,1371,106.0,3.0,activities/15497181887.fit.gz,1371.0,1579.8,2.013,1.152,7.2,127.0,8.1,15.9,6.8,0.1,57.0,53.0,98.0,83.0,,,,,,,,,,,,,,,,,,,,1.152,0.0,2374.0,,,,,Unknown
14524099299,2025-05-18 10:38:55,Morning Workout,Workout,,3496,131.0,8.0,activities/15497181894.fit.gz,3496.0,0.0,,0.0,0.0,0.0,0.0,0.0,0.0,0.0,,,97.0,201.0,,,,,,,,,,,,,,,,,,,,0.0,0.0,,,,,,Unknown
14506448277,2025-05-17 17:54:39,Afternoon Walk,Walk,,1202,123.0,3.0,activities/15477327419.fit.gz,1202.0,1478.2,5.283,1.23,7.0,169.0,6.5,14.2,13.1,0.2,56.0,52.0,112.0,88.0,,,,,,,,,,,,,,,,,,,,1.23,0.0,2046.0,,,,,Unknown
14506448490,2025-05-17 16:50:07,Afternoon Workout,Workout,,3789,137.0,10.0,activities/15477327592.fit.gz,3789.0,0.0,,0.0,0.0,0.0,0.0,0.0,0.0,0.0,,,106.0,226.0,,,,,,,,,,,,,,,,,,,,0.0,0.0,,,,,,Unknown
14506444877,2025-05-16 17:47:08,Afternoon Run,Run,,1505,159.0,20.0,activities/15477323739.fit.gz,1427.0,2674.5,3.2,1.874,37.9,104.0,17.8,37.7,15.9,0.0,119.0,70.0,142.0,192.0,2777.1,,,,,,,,,,,,,,,,,,,1.777,890.6,3334.0,1.946,26.6,89,15.0,Steady State
14488081133,2025-05-15 18:38:21,Evening Run,Run,,1946,194.0,109.0,activities/15457521617.fit.gz,1946.0,5074.3,3.72,2.608,0.0,255.0,12.0,12.8,1.0,0.0,79.0,76.0,176.0,351.0,5076.5,,,,,,,,,,,,,,,,,,,2.608,0.0,4926.0,2.609,28.2,83,5.6,Steady State
14477382128,2025-05-14 19:09:19,Evening Walk,Walk,,1680,116.0,4.0,activities/15446156513.fit.gz,1680.0,2589.3,9.892,1.541,31.8,849.0,10.4,22.0,50.0,-0.1,60.0,55.0,103.0,133.0,,,,,,,,,,,,,,,,,,,,1.541,0.0,3078.0,,,,,Unknown
14465925017,2025-05-13 19:10:54,Evening Walk,Walk,,2701,112.0,7.0,activities/15434056767.fit.gz,2701.0,3837.3,2.487,1.421,17.7,271.0,7.9,15.9,7.7,0.0,64.0,55.0,101.0,194.0,,,,,,,,,,,,,,,,,,,,1.421,0.0,5026.0,,,,,Unknown
14465141428,2025-05-13 10:56:05,Morning Workout,Workout,,3561,126.0,8.0,activities/15433235939.fit.gz,3561.0,0.0,0.0,0.0,0.0,0.0,0.0,0.0,0.0,0.0,,,96.0,198.0,,,,,,,,,,,,,,,,,,,,0.0,0.0,,,,,,Unknown
14453331439,2025-05-12 14:10:02,Afternoon Workout,Workout,,4129,143.0,11.0,activities/15420745296.fit.gz,4129.0,0.0,0.0,0.0,0.0,0.0,0.0,0.0,0.0,0.0,,,103.0,256.0,,,,,,,,,,,,,,,,,,,,0.0,0.0,,,,,,Unknown
14453329953,2025-05-12 10:16:48,Morning Walk,Walk,,1244,143.0,4.0,activities/15420743679.fit.gz,1074.0,1245.9,3.467,1.16,22.9,51.0,19.8,38.4,17.1,1.3,63.0,51.0,119.0,89.0,,,,,,,,,,,,,,,,,,,,1.002,0.0,1812.0,,,,,Unknown
14453329471,2025-05-11 20:49:39,Evening Walk,Walk,,3126,111.0,7.0,activities/15420743133.fit.gz,3067.0,4714.5,14.01,1.537,75.1,1329.0,5.2,22.9,50.0,0.0,59.0,53.0,97.0,223.0,,,,,,,,,,,,,,,,,,,,1.508,0.0,5340.0,,,,,Unknown
14431068960,2025-05-10 10:58:34,Morning Run,Run,,1531,165.0,26.0,activities/15397144526.fit.gz,1413.0,2999.4,10.167,2.123,47.7,908.0,8.2,21.3,15.0,0.0,80.0,75.0,146.0,203.0,3181.3,,,,,,,,,,,,,,,,,,,1.959,0.0,3804.0,2.251,30.1,79,3.8,Steady State
14394702520,2025-05-06 21:11:03,Night Workout,Workout,,1836,130.0,6.0,activities/15358941742.fit.gz,1836.0,0.0,0.0,0.0,0.0,0.0,0.0,0.0,0.0,0.0,,,117.0,169.0,,,,,,,,,,,,,,,,,,,,0.0,0.0,,,,,,Unknown
14384926349,2025-05-05 19:12:04,Evening Walk,Walk,,3586,109.0,8.0,activities/15348672386.fit.gz,3563.0,6434.8,16.575,1.806,85.5,2707.0,9.4,24.3,43.9,0.0,97.0,49.0,96.0,293.0,,,,,,,,,,,,,,,,,,,,1.794,0.0,5690.0,,,,,Unknown
14379980095,2025-05-04 19:34:40,Evening Walk,Walk,,1279,106.0,2.0,activities/15343435220.fit.gz,1246.0,1845.9,5.778,1.481,7.0,148.0,8.1,15.7,7.1,-0.2,63.0,56.0,96.0,93.0,,,,,,,,,,,,,,,,,,,,1.443,0.0,2326.0,,,,,Unknown
14353109617,2025-05-02 18:14:51,Evening Run,Run,,1502,159.0,18.0,activities/15315158289.fit.gz,1502.0,2954.8,3.013,1.967,28.4,85.0,25.6,37.7,6.8,0.1,79.0,74.0,141.0,191.0,3008.2,,,,,,,,,,,,,,,,,,,1.967,1130.7,3666.0,2.003,27.8,84,4.1,Steady State
14338944797,2025-05-01 10:16:58,Morning Workout,Workout,,1911,167.0,9.0,activities/15300304683.fit.gz,1911.0,0.0,0.0,0.0,0.0,0.0,0.0,0.0,0.0,0.0,,,118.0,177.0,,,,,,,,,,,,,,,,,,,,0.0,0.0,,,,,,Unknown
14321138462,2025-04-28 21:20:01,Night Run,Run,,1200,157.0,17.0,activities/15281723211.fit.gz,1200.0,2495.5,3.42,2.08,11.9,262.0,8.1,15.7,5.9,-0.1,80.0,77.0,141.0,159.0,2512.3,,,,,,,,,,,,,,,,,,,2.08,0.0,3070.0,2.094,24.9,99,1.1,Steady State
14308357807,2025-04-26 19:38:35,Evening Walk,Walk,,1889,110.0,4.0,activities/15268364972.fit.gz,1889.0,3117.5,10.559,1.65,33.3,304.0,8.5,21.8,45.0,0.0,57.0,53.0,99.0,138.0,,,,,,,,,,,,,,,,,,,,1.65,0.0,3334.0,,,,,Unknown
14260271972,2025-04-23 16:11:23,Afternoon Run,Run,,2365,179.0,68.0,activities/15218039762.fit.gz,2287.0,5220.9,4.064,2.283,0.0,205.0,9.6,14.5,2.3,-0.1,82.0,72.0,157.0,340.0,5217.4,,,,,,,,,,,,,,,,,,,2.208,0.0,5456.0,2.281,28.7,75,7.2,Steady State
14250305288,2025-04-22 17:44:19,Afternoon Run,Run,,1335,163.0,23.0,activities/15207650054.fit.gz,1201.0,2593.0,7.78,2.159,47.0,472.0,10.6,25.9,40.7,0.0,81.0,76.0,149.0,185.0,2769.7,,,,,,,,,,,,,,,,,,,1.942,0.0,3022.0,2.306,28.7,76,4.0,Steady State
14250303973,2025-04-21 18:32:07,Evening Walk,Walk,,2251,107.0,5.0,activities/15207648607.fit.gz,2215.0,3285.2,15.372,1.483,51.2,1535.0,9.0,24.6,31.4,0.3,56.0,49.0,96.0,167.0,,,,,,,,,,,,,,,,,,,,1.459,0.0,3638.0,,,,,Unknown
14201853414,2025-04-17 17:21:15,Afternoon Run,Run,,3840,168.0,70.0,activities/15156890493.fit.gz,3436.0,7294.7,6.846,2.123,16.8,143.0,9.6,22.1,20.9,0.1,81.0,72.0,149.0,482.0,7331.5,,,,,,,,,,,,,,,,,,,1.9,362.9,8156.0,2.134,31.3,61,7.6,Steady State
14199286168,2025-04-16 19:48:34,Evening Walk,Walk,,2366,114.0,5.0,activities/15154201492.fit.gz,2335.0,4093.0,8.617,1.753,56.8,1065.0,11.6,22.6,23.9,0.0,84.0,50.0,98.0,190.0,,,,,,,,,,,,,,,,,,,,1.73,0.0,3642.0,,,,,Unknown
14163182169,2025-04-13 16:41:28,Afternoon Run,Run,,3485,175.0,104.0,activities/15116556922.fit.gz,3348.0,7362.9,4.04,2.199,17.4,283.0,9.6,18.9,8.7,0.0,101.0,72.0,159.0,481.0,7389.8,,,,,,,,,,,,,,,,,,,2.113,11.8,7944.0,2.207,27.1,81,2.7,Steady State
14163178610,2025-04-09 09:26:07,Morning Walk,Walk,,1593,141.0,4.0,activities/15116553472.fit.gz,1302.0,1776.2,2.483,1.364,33.5,87.0,19.3,38.9,14.7,1.0,60.0,55.0,119.0,117.0,,,,,,,,,,,,,,,,,,,,1.115,0.0,2334.0,,,,,Unknown
14115954814,2025-04-08 20:06:26,Evening Walk,Walk,,1477,120.0,4.0,activities/15067208568.fit.gz,1425.0,2691.1,7.964,1.888,33.2,780.0,9.4,24.9,17.3,-0.1,79.0,50.0,109.0,119.0,,,,,,,,,,,,,,,,,,,,1.822,0.0,2282.0,,,,,Unknown
14115101430,2025-04-08 17:13:34,Afternoon Run,Run,,2509,183.0,80.0,activities/15066318802.fit.gz,2105.0,5116.5,4.96,2.431,21.7,245.0,7.6,18.9,13.0,-0.1,107.0,72.0,164.0,338.0,5184.3,,,,,,,,,,,,,,,,,,,2.039,557.0,4966.0,2.463,29.6,68,3.0,Steady State
14077925930,2025-04-04 21:02:27,Night Run,Run,,1204,170.0,36.0,activities/15027356659.fit.gz,1197.0,2962.9,10.26,2.475,49.9,319.0,10.4,21.2,12.6,-0.2,79.0,76.0,158.0,187.0,3189.9,,,,,,,,,,,,,,,,,,,2.461,0.0,3038.0,2.665,25.7,94,4.4,Steady State
14076343406,2025-04-03 16:59:33,Afternoon Run,Run,,1515,165.0,41.0,activities/15025693142.fit.gz,1489.0,3182.6,7.9,2.137,47.4,445.0,8.4,18.7,14.4,-0.1,81.0,77.0,156.0,231.0,3401.6,,,,,,,,,,,,,,,,,,,2.101,0.0,3846.0,2.284,27.4,82,6.4,Steady State
14053680947,2025-04-01 20:32:56,Evening Run,Run,,1517,165.0,34.0,activities/15001778020.fit.gz,1517.0,3278.8,2.737,2.161,13.8,140.0,8.2,15.7,4.9,0.0,81.0,77.0,150.0,218.0,3297.8,,,,,,,,,,,,,,,,,,,2.161,0.0,3860.0,2.174,26.1,94,4.4,Steady State
14038010215,2025-03-31 19:36:24,Evening Walk,Walk,,2522,105.0,5.0,activities/14985108938.fit.gz,2360.0,2938.7,1.837,1.245,15.2,164.0,5.1,15.8,13.0,-0.2,63.0,53.0,93.0,154.0,,,,,,,,,,,,,,,,,,,,1.165,0.0,4238.0,,,,,Unknown
13981225876,2025-03-25 18:12:06,Evening Run,Run,,2583,166.0,68.0,activities/14924078163.fit.gz,2583.0,5723.0,2.456,2.216,0.0,0.0,0.0,0.0,0.0,0.0,81.0,76.0,154.0,412.0,5723.0,,,,,,,,,,,,,,,,,,,2.216,0.0,6510.0,,,,,Steady State
13954860249,2025-03-22 22:11:30,HR so cooked this shit zone 3 🤡,Run,,1051,161.0,20.0,activities/14895734374.fit.gz,1051.0,2332.8,3.008,2.22,19.0,144.0,8.1,27.4,8.9,0.1,79.0,76.0,147.0,154.0,2367.8,,,,,,,,,,,,,,,,,,,2.22,0.0,2646.0,2.253,25.2,92,5.6,Steady State
13954858875,2025-03-21 09:03:42,Morning Walk,Walk,,1864,134.0,4.0,activities/14895732882.fit.gz,1531.0,2014.9,3.96,1.316,36.9,162.0,19.7,38.9,18.0,0.9,60.0,53.0,111.0,117.0,,,,,,,,,,,,,,,,,,,,1.081,0.0,2768.0,,,,,Unknown
13925550239,2025-03-19 19:41:09,Evening Walk,Walk,,1990,,,activities/13925550239.gpx,1990.0,2268.3,7.7,1.14,30.7,30.7,11.2,21.0,23.5,0.2,67.0,52.0,,,,,,,,,,,,,,,,,,,,,,1.14,121.9,3340.0,,,,,Unknown
13923955246,2025-03-17 19:50:06,Evening Run,Run,,1927,174.0,57.0,activities/14862346007.fit.gz,1927.0,4945.0,3.6,2.566,37.8,212.0,8.2,27.4,8.8,0.0,80.0,76.0,157.0,300.0,5008.0,,,,,,,,,,,,,,,,,,,2.566,0.0,4868.0,2.599,27.6,77,6.9,Steady State
13923954472,2025-03-17 09:09:17,Morning Walk,Walk,,1542,116.0,3.0,activities/14862345144.fit.gz,1446.0,1740.1,2.167,1.203,30.1,64.0,21.0,38.9,40.6,0.9,59.0,53.0,98.0,115.0,,,,,,,,,,,,,,,,,,,,1.128,0.0,2514.0,,,,,Unknown
13897525502,2025-03-16 19:41:06,Evening Walk,Walk,,1273,,,activities/13897525502.gpx,1014.0,1258.2,6.03,1.241,17.9,17.9,10.9,23.0,18.1,0.2,61.0,53.0,,,,,,,,,,,,,,,,,,,,,,0.988,107.6,1694.0,,,,,Unknown
13887801031,2025-03-15 18:22:59,Evening Run,Run,,952,196.0,43.0,activities/14823111938.fit.gz,943.0,3003.1,4.367,3.185,4.4,105.0,12.3,25.0,3.0,-0.3,79.0,75.0,168.0,176.0,3005.7,,,,,,,,,,,,,,,,,,,3.155,682.7,2354.0,3.187,29.4,72,9.6,Steady State
13885190383,2025-03-15 10:53:49,Morning Walk,Walk,,989,,,activities/13885190383.gpx,943.0,1173.9,2.733,1.245,16.5,16.5,11.4,22.3,27.1,0.2,125.0,55.0,,,,,,,,,,,,,,,,,,,,,,1.187,109.2,1634.0,,,,,Unknown
13887800076,2025-03-12 08:35:59,Morning Walk,Walk,,1086,180.0,9.0,activities/14823110959.fit.gz,1060.0,1909.9,4.275,1.802,27.2,69.0,20.5,38.6,10.2,0.9,116.0,61.0,128.0,123.0,,,,,,,,,,,,,,,,,,,,1.759,0.0,2124.0,,,,,Unknown
13839114218,2025-03-10 08:37:04,Morning Run,Run,,3206,,,activities/13839114218.gpx,3011.0,8004.1,6.7,2.658,19.8,19.8,11.7,24.9,4.5,-0.1,85.0,77.0,,,8012.5,,,,,,,,,,,,,,,,,,,2.497,1578.9,7644.0,2.661,24.9,97,3.1,Steady State
13834668071,2025-03-07 20:35:40,Evening Run,Run,warmup + 3 × 800,1833,187.0,38.0,activities/14766270166.fit.gz,1018.0,3238.8,4.52,3.182,13.6,52.0,8.2,13.7,9.6,0.0,80.0,75.0,163.0,182.0,3262.0,,,,,,,,,,,,,,,,,,,1.767,0.0,2528.0,3.204,26.6,86,5.4,Interval
13802589580,2025-03-06 14:58:37,Afternoon Walk,Walk,,2374,,,activities/13802589580.gpx,1965.0,2647.4,12.613,1.347,41.5,41.5,14.0,40.5,46.0,-0.2,75.0,56.0,,,,,,,,,,,,,,,,,,,,,,1.115,0.0,3514.0,,,,,Unknown
13834667549,2025-03-06 10:52:37,Morning Walk,Walk,,1007,109.0,1.0,activities/14766269489.fit.gz,900.0,1329.8,5.66,1.478,19.5,144.0,11.9,24.1,43.3,0.3,58.0,54.0,92.0,68.0,,,,,,,,,,,,,,,,,,,,1.321,0.0,1638.0,,,,,Unknown
13795376545,2025-03-05 20:21:24,Evening Walk,Walk,,1399,,,activities/13795376545.gpx,1263.0,1446.5,6.33,1.145,28.0,28.0,12.6,28.0,41.3,0.4,67.0,54.0,,,,,,,,,,,,,,,,,,,,,,1.034,0.0,1990.0,,,,,Unknown
13795916279,2025-03-04 21:10:25,Night Run,Run,,905,160.0,10.0,activities/14724252086.fit.gz,905.0,2003.4,2.638,2.214,0.0,64.0,8.2,12.5,2.3,-0.1,79.0,76.0,140.0,120.0,2001.1,,,,,,,,,,,,,,,,,,,2.214,0.0,2274.0,2.211,25.3,99,1.9,Steady State
13795915567,2025-03-03 08:09:54,Morning Walk,Walk,,1618,129.0,4.0,activities/14724251281.fit.gz,1457.0,1795.3,2.429,1.232,30.1,0.0,20.0,38.8,33.9,1.0,58.0,53.0,110.0,141.0,,,,,,,,,,,,,,,,,,,,1.11,0.0,2528.0,,,,,Unknown
13795914615,2025-03-02 15:02:51,Afternoon Walk,Walk,,976,122.0,2.0,activities/14724250239.fit.gz,840.0,1384.3,10.04,1.648,27.2,487.0,11.5,27.2,29.9,-0.3,61.0,56.0,109.0,77.0,,,,,,,,,,,,,,,,,,,,1.418,196.2,1586.0,,,,,Unknown
13795913520,2025-03-02 10:47:16,Morning Walk,Walk,,939,103.0,2.0,activities/14724249142.fit.gz,873.0,1417.0,6.82,1.623,17.7,203.0,14.1,30.9,30.2,-0.5,69.0,56.0,96.0,57.0,,,,,,,,,,,,,,,,,,,,1.509,0.0,1590.0,,,,,Unknown
13764163389,2025-03-02 09:22:59,Morning Walk,Walk,,1075,,,activities/13764163389.gpx,916.0,1190.2,9.46,1.299,12.5,12.5,10.2,21.7,31.2,0.2,61.0,54.0,,,,,,,,,,,,,,,,,,,,,,1.107,0.0,1584.0,,,,,Unknown
13757431270,2025-03-01 18:09:45,Evening Run,Run,,2407,,,activities/13757431270.gpx,2178.0,6007.8,5.82,2.758,16.8,16.8,12.0,19.0,4.7,0.0,85.0,77.0,,,6021.4,,,,,,,,,,,,,,,,,,,2.496,1585.4,5576.0,2.765,28.4,75,11.9,Steady State
13720832596,2025-02-25 16:55:19,Afternoon Walk,Walk,,1670,,,activities/13720832596.gpx,1613.0,1813.7,2.525,1.124,25.1,25.1,12.1,21.9,43.4,0.0,62.0,51.0,,,,,,,,,,,,,,,,,,,,,,1.086,109.7,2594.0,,,,,Unknown
13687167501,2025-02-21 22:12:54,♿️,Run,,1459,156.0,27.0,activities/14606032735.fit.gz,1456.0,3008.9,2.9,2.067,20.5,95.0,7.7,24.6,9.6,0.0,79.0,77.0,146.0,197.0,3045.4,,,,,,,,,,,,,,,,,,,2.062,0.0,3718.0,2.092,25.7,89,3.5,Steady State
13687166593,2025-02-21 09:59:58,Morning Walk,Walk,,1462,134.0,4.0,activities/14606031747.fit.gz,1377.0,1781.8,3.575,1.294,28.2,57.0,20.2,38.9,24.2,0.9,81.0,54.0,112.0,114.0,,,,,,,,,,,,,,,,,,,,1.219,0.0,2418.0,,,,,Unknown
13668636175,2025-02-19 17:40:38,Afternoon Run,Run,warmup + 280 × 7 interval,1901,193.0,18.0,activities/14585767846.fit.gz,667.0,2490.0,5.467,3.733,42.1,93.0,9.3,17.3,10.4,-0.1,82.0,78.0,155.0,117.0,2686.8,,,,,,,,,,,,,,,,,,,1.31,0.0,1694.0,4.028,28.9,67,9.6,Interval
13668634709,2025-02-17 09:25:24,Morning Walk,Walk,,1404,137.0,4.0,activities/14585766221.fit.gz,1351.0,1801.1,3.5,1.333,26.2,69.0,20.5,38.1,9.8,0.9,114.0,55.0,116.0,111.0,,,,,,,,,,,,,,,,,,,,1.283,0.0,2466.0,,,,,Unknown
13668633927,2025-02-16 19:21:33,Evening Walk,Walk,,2071,114.0,4.0,activities/14585765389.fit.gz,1998.0,2770.7,6.141,1.387,31.5,633.0,7.1,21.6,25.7,-0.2,59.0,54.0,97.0,143.0,,,,,,,,,,,,,,,,,,,,1.338,771.7,3524.0,,,,,Unknown
13631696571,2025-02-15 18:03:10,Evening Run,Run,,1156,186.0,40.0,activities/14545297008.fit.gz,970.0,3002.6,4.517,3.095,5.6,114.0,12.3,20.9,7.2,-0.1,81.0,76.0,166.0,174.0,3008.0,,,,,,,,,,,,,,,,,,,2.597,1132.4,2444.0,3.101,27.8,78,5.1,Steady State
13629567558,2025-02-15 09:54:13,Morning Walk,Walk,,983,103.0,2.0,activities/14542951771.fit.gz,961.0,1468.4,10.011,1.528,25.3,356.0,10.0,23.1,44.0,0.2,59.0,54.0,94.0,72.0,,,,,,,,,,,,,,,,,,,,1.494,0.0,1776.0,,,,,Unknown
13599079989,2025-02-11 20:15:46,Evening Run,Run,,1389,203.0,46.0,activities/14509671929.fit.gz,1389.0,3999.2,3.35,2.879,0.0,0.0,0.0,0.0,0.0,0.0,79.0,75.0,163.0,244.0,3999.2,,,,,,,,,,,,,,,,,,,2.879,0.0,3492.0,,,,,Steady State
13599079054,2025-02-07 19:52:38,Evening Run,Run,,831,185.0,33.0,activities/14509670799.fit.gz,831.0,2401.7,4.6,2.89,19.1,110.0,8.2,27.4,8.8,0.0,80.0,77.0,163.0,146.0,2433.3,,,,,,,,,,,,,,,,,,,2.89,0.0,2108.0,2.928,27.3,75,10.4,Steady State
13599078774,2025-02-07 08:10:56,Morning Walk,Walk,,1622,103.0,2.0,activities/14509670521.fit.gz,1385.0,1670.0,1.64,1.206,26.3,63.0,21.0,38.6,11.2,0.9,57.0,52.0,91.0,101.0,,,,,,,,,,,,,,,,,,,,1.03,0.0,2432.0,,,,,Unknown
13552410373,2025-02-06 10:54:13,Morning Walk,Walk,,1156,114.0,2.0,activities/14458398428.fit.gz,1053.0,1717.9,11.991,1.631,29.6,901.0,3.6,16.8,46.5,-0.2,108.0,54.0,100.0,75.0,,,,,,,,,,,,,,,,,,,,1.486,0.0,1882.0,,,,,Unknown
13538063493,2025-02-04 23:25:17,Night Run,Run,,1508,195.0,62.0,activities/14442828762.fit.gz,1504.0,4131.1,3.74,2.747,5.6,63.0,8.1,12.2,9.1,0.0,105.0,75.0,166.0,264.0,4145.7,,,,,,,,,,,,,,,,,,,2.739,0.0,3778.0,2.756,23.8,95,6.8,Steady State
13525057808,2025-02-03 09:34:16,Morning Walk,Walk,,1476,143.0,5.0,activities/14428553829.fit.gz,1324.0,1744.8,3.014,1.318,27.2,70.0,20.8,38.8,10.0,0.9,74.0,54.0,126.0,119.0,,,,,,,,,,,,,,,,,,,,1.182,0.0,2392.0,,,,,Unknown
13499648779,2025-01-31 17:50:18,Cooked,Run,,1603,,,activities/13499648779.gpx,1464.0,4005.3,4.0,2.736,8.5,8.5,12.7,19.0,3.5,0.0,85.0,78.0,,,4010.0,,,,,,,,,,,,,,,,,,,2.499,725.6,3796.0,2.739,26.4,74,11.5,Steady State
13497954665,2025-01-31 10:13:27,Morning Walk,Walk,,1355,,,activities/13497954665.gpx,1124.0,1556.9,7.7,1.385,15.8,15.8,11.7,22.0,39.2,0.1,61.0,52.0,,,,,,,,,,,,,,,,,,,,,,1.149,110.0,1882.0,,,,,Unknown
13456734729,2025-01-26 19:57:36,Evening Walk,Walk,,971,,,activities/13456734729.gpx,971.0,1139.8,2.107,1.174,3.5,3.5,8.2,13.0,13.6,0.0,90.0,52.0,,,,,,,,,,,,,,,,,,,,,,1.174,0.0,1670.0,,,,,Unknown
13465525102,2025-01-25 19:06:39,Evening Walk,Walk,,920,106.0,2.0,activities/14363682578.fit.gz,920.0,1078.7,1.9,1.173,5.1,29.0,8.0,13.6,6.9,0.1,75.0,52.0,95.0,56.0,,,,,,,,,,,,,,,,,,,,1.173,0.0,1576.0,,,,,Unknown
13386740173,2025-01-18 19:38:03,Evening Walk,Walk,,2379,,,activities/13386740173.gpx,2275.0,2478.9,8.05,1.09,36.4,36.4,10.1,23.1,30.3,0.1,57.0,49.0,,,,,,,,,,,,,,,,,,,,,,1.042,0.0,3696.0,,,,,Unknown
13378876868,2025-01-17 21:22:12,Night Run,Run,,2039,,,activities/13378876868.gpx,2036.0,5459.1,3.72,2.681,8.9,8.9,12.6,15.8,3.7,0.0,85.0,75.0,,,5465.5,,,,,,,,,,,,,,,,,,,2.677,853.3,5142.0,2.684,24.9,90,10.6,Steady State
13360652058,2025-01-15 19:39:28,Evening Run,Run,,1704,,,activities/13360652058.gpx,1701.0,4208.7,6.18,2.474,13.3,13.5,15.0,18.4,3.1,0.0,93.0,76.0,,,4213.2,,,,,,,,,,,,,,,,,,,2.47,0.0,4322.0,,26.1,89,3.9,Steady State
13333117638,2025-01-12 19:29:00,Evening Walk,Walk,,1065,,,activities/13333117638.gpx,1033.0,1221.6,3.68,1.183,16.2,16.2,13.0,22.0,20.0,0.1,59.0,52.0,,,,,,,,,,,,,,,,,,,,,,1.147,0.0,1720.0,,,,,Unknown
13289326551,2025-01-07 19:34:28,Evening Walk,Walk,,2228,124.0,7.0,activities/14173603731.fit.gz,2208.0,3284.3,14.067,1.487,36.4,646.0,7.2,24.8,19.2,-0.1,57.0,52.0,112.0,166.0,,,,,,,,,,,,,,,,,,,,1.474,0.0,3800.0,,,,,Unknown
13288305651,2025-01-07 16:50:26,Afternoon Walk,Walk,,426,197.0,22.0,activities/14172507297.fit.gz,426.0,538.4,1.844,1.264,3.2,15.0,13.6,17.1,3.2,0.6,58.0,54.0,173.0,78.0,,,,,,,,,,,,,,,,,,,,1.264,95.7,756.0,,,,,Unknown
13288304731,2025-01-07 16:31:00,Afternoon Run,Run,,1139,198.0,55.0,activities/14172506175.fit.gz,977.0,3008.7,4.917,3.08,4.2,84.0,13.0,22.9,25.8,0.0,81.0,76.0,179.0,189.0,3034.7,,,,,,,,,,,,,,,,,,,2.642,631.1,2464.0,3.106,30.6,64,10.8,Steady State
13243196407,2025-01-02 11:46:00,Lunch Walk,Walk,,781,149.0,10.0,activities/14123917236.fit.gz,781.0,1270.4,7.829,1.627,13.9,198.0,11.2,20.6,14.4,0.3,68.0,56.0,140.0,114.0,,,,,,,,,,,,,,,,,,,,1.627,1109.5,1444.0,,,,,Unknown
13243196522,2025-01-02 11:34:11,Lunch Run,Run,,667,157.0,7.0,activities/14123916926.fit.gz,598.0,2004.3,10.283,3.352,5.7,241.0,12.6,17.1,8.5,0.0,79.0,77.0,141.0,109.0,2019.8,,,,,,,,,,,,,,,,,,,3.005,1429.4,1524.0,3.378,29.7,73,12.0,Steady State
13154761716,2024-12-20 20:17:59,Evening Run,Run,,1353,,,activities/13154761716.gpx,1353.0,4007.3,4.24,2.962,6.2,6.2,12.6,15.8,1.8,0.1,86.0,76.0,,,4013.7,,,,,,,,,,,,,,,,,,,2.962,497.0,3456.0,2.967,25.9,88,1.9,Steady State
13110342219,2024-12-14 08:29:52,Jgl debuff,Run,,785,,,activities/13110342219.gpx,785.0,2505.9,4.7,3.192,34.0,35.9,12.3,19.7,10.7,0.0,85.0,76.0,,,2585.2,,,,,,,,,,,,,,,,,,,3.192,0.0,1974.0,3.293,24.5,97,3.5,Steady State
13106255553,2024-12-13 19:06:54,Evening Walk,Walk,,2446,108.0,5.0,activities/13976440656.fit.gz,2353.0,3430.6,10.056,1.458,53.4,1256.0,7.9,27.2,34.6,0.1,59.0,50.0,94.0,160.0,,,,,,,,,,,,,,,,,,,,1.403,2402.8,3870.0,,,,,Unknown
13105394985,2024-12-13 13:36:14,Afternoon Walk,Walk,,2508,114.0,6.0,activities/13975536598.fit.gz,2508.0,2597.6,1.546,1.036,0.0,0.0,0.0,0.0,0.0,0.0,82.0,50.0,102.0,172.0,,,,,,,,,,,,,,,,,,,,1.036,0.0,3678.0,,,,,Unknown
13068846230,2024-12-08 08:26:23,Morning Run,Run,,821,,,activities/13068846230.gpx,771.0,2553.6,5.925,3.312,33.0,33.0,12.6,19.8,10.4,0.0,89.0,75.0,,,2629.8,,,,,,,,,,,,,,,,,,,3.11,0.0,1918.0,3.411,25.7,93,10.8,Steady State
13029017647,2024-12-02 17:49:30,Afternoon Run,Run,,2149,,,activities/13029017647.gpx,2146.0,6003.8,5.0,2.798,2.4,2.4,9.0,11.7,3.6,0.0,85.0,76.0,,,6013.3,,,,,,,,,,,,,,,,,,,2.794,0.0,5470.0,2.802,27.0,84,2.8,Steady State
12994851186,2024-11-27 20:19:42,I love jgl,Walk,,5796,,,activities/12994851186.gpx,5143.0,5606.6,13.57,1.09,0.0,0.0,7.0,8.4,5.1,0.0,87.0,50.0,,,,,,,,,,,,,,,,,,,,,,0.967,0.0,8460.0,,,,,Unknown
12992508437,2024-11-27 13:44:54,Afternoon Walk,Walk,,1110,,,activities/12992508437.gpx,856.0,1218.7,4.775,1.424,20.3,20.3,14.4,32.4,27.7,-0.5,75.0,56.0,,,,,,,,,,,,,,,,,,,,,,1.098,0.0,1588.0,,,,,Unknown
12986873520,2024-11-26 20:08:15,Evening Walk,Walk,,2414,,,activities/12986873520.gpx,2037.0,2296.8,3.389,1.128,26.8,26.8,10.8,21.9,27.4,0.0,67.0,52.0,,,,,,,,,,,,,,,,,,,,,,0.951,126.6,3484.0,,,,,Unknown
12942708406,2024-11-20 18:04:48,Evening Run,Run,,1974,,,activities/12942708406.gpx,1665.0,5012.6,4.26,3.011,5.9,5.9,12.0,18.1,3.9,0.0,,,,,5014.6,1732096768.0,5.0,26.6,27.9,23.9,0.85,1006.0,1.8,4.5,30.0,3.7,1732056576.0,1732099968.0,0.625,0.89,1.0,23036.0,0.0,2.539,1150.2,,3.012,24.8,93,12.2,Steady State
12897742011,2024-11-14 18:16:29,Sick :/,Run,,1010,,,activities/12897742011.gpx,1008.0,3039.6,5.6,3.015,45.6,42.3,5.4,17.2,18.6,0.1,,,,,3283.5,1731578368.0,3.0,28.2,29.9,24.6,0.81,1007.3,1.7,4.1,104.0,3.1,1731538048.0,1731581440.0,0.375,0.81,0.82,15440.0,0.0,3.01,273.8,,3.257,27.9,79,5.0,Steady State
12850624274,2024-11-08 17:25:54,Afternoon Run,Run,,2157,,,activities/12850624274.gpx,2023.0,5102.9,4.92,2.522,17.6,17.6,10.7,21.9,6.1,0.0,,,,,5123.3,1731056384.0,2.0,30.0,31.4,23.9,0.7,1007.6,2.9,3.9,243.0,0.0,1731019648.0,1731063040.0,0.125,0.82,0.52,25269.0,2.0,2.366,370.3,,2.533,29.6,72,8.8,Steady State
12772743123,2024-10-29 20:08:35,Evening Run,Run,,1437,,,activities/12772743123.gpx,1437.0,4206.0,5.774,2.927,13.0,13.0,15.0,18.3,3.8,0.0,,,,,4208.2,1730203136.0,3.0,28.7,30.9,25.1,0.81,1009.3,1.3,2.8,192.0,0.0,1730155648.0,1730199040.0,0.875,0.51,0.99,22982.0,0.0,2.927,0.0,,2.928,26.9,91,4.8,Steady State
12745430709,2024-10-26 09:30:00,Washed asf,Run,,5911,,,activities/12745430709.gpx,4419.0,11004.1,4.64,2.49,28.8,28.8,9.5,22.0,35.1,0.0,,,,,11083.2,1729904384.0,3.0,28.4,29.8,25.0,0.82,1010.6,2.5,5.9,234.0,0.0,1729896448.0,1729939840.0,0.875,0.44,0.82,21950.0,2.0,1.862,1688.7,,2.508,28.3,83,5.8,Steady State
12699670769,2024-10-20 18:25:23,300×6,Run,,1012,,,activities/12699670769.gpx,445.0,1840.7,6.672,4.136,33.7,33.1,9.8,19.6,20.0,0.1,,,,,2026.3,,,,,,,,,,,,,,,,,,,1.819,0.0,,4.553,28.3,87,2.0,Interval
12677122496,2024-10-17 20:21:57,Evening Run,Run,,1915,,,activities/12677122496.gpx,1915.0,5370.8,4.918,2.805,16.3,16.3,15.0,18.3,3.1,0.0,,,,,5375.2,,,,,,,,,,,,,,,,,,,2.805,0.0,,2.807,26.6,90,6.6,Steady State
12643605808,2024-10-13 17:44:07,Afternoon Run,Run,,1067,,,activities/12643605808.gpx,1067.0,2653.4,5.548,2.487,49.1,49.1,10.3,19.9,22.5,0.1,,,,,2955.4,,,,,,,,,,,,,,,,,,,2.487,0.0,,2.77,28.4,78,5.4,Steady State
12578286472,2024-10-05 17:24:27,Afternoon Run,Run,,275,,,activities/12578286472.gpx,272.0,874.8,4.54,3.216,11.7,11.7,10.0,17.4,17.9,-0.1,,,,,953.8,,,,,,,,,,,,,,,,,,,3.181,0.0,,3.507,27.6,82,4.4,Steady State
12578052152,2024-10-05 16:48:25,Afternoon Run,Run,,490,,,activities/12578052152.gpx,478.0,1406.3,8.234,2.942,11.9,11.9,11.1,20.6,16.2,-0.3,,,,,1440.4,,,,,,,,,,,,,,,,,,,2.87,146.4,,3.013,26.9,84,4.9,Steady State
12555806131,2024-10-02 19:23:43,Evening Run,Run,,2029,,,activities/12555806131.gpx,2029.0,5409.7,5.97,2.666,16.3,16.3,15.0,18.3,2.6,0.0,,,,,5415.0,,,,,,,,,,,,,,,,,,,2.666,0.0,,2.669,27.1,86,5.2,Steady State
